FECHA,N1,N2,N3,N4,N5,N6,BONO
22/02/2026,05,23,24,26,40,47,51
20/02/2026,02,09,22,30,40,47,14
18/02/2026,21,40,43,47,48,54,03
15/02/2026,02,03,05,09,33,53,43
11/02/2026,01,04,14,38,40,41,49
08/02/2026,03,11,15,24,40,41,20
06/02/2026,08,10,31,35,40,43,32
04/02/2026,25,26,32,37,40,49,13
01/02/2026,04,18,26,40,45,54,24
30/01/2026,13,14,39,40,41,42,10
28/01/2026,04,06,14,22,32,40,25
25/01/2026,04,08,15,29,35,40,11
23/01/2026,19,21,25,32,33,40,45
21/01/2026,02,07,13,32,36,40,11
18/01/2026,06,32,33,40,41,50,55
16/01/2026,11,22,30,36,38,40,51
14/01/2026,01,14,19,24,31,40,28
11/01/2026,12,18,32,40,40,43,54
09/01/2026,02,20,21,39,40,41,55
07/01/2026,01,26,30,35,40,45,28
04/01/2026,13,22,31,32,40,42,48
02/01/2026,11,25,33,39,40,45,09
31/12/2025,05,16,33,38,40,43,10
28/12/2025,12,29,32,40,43,48,01
26/12/2025,02,22,35,40,49,52,04
24/12/2025,02,22,29,31,39,40,44
21/12/2025,01,04,27,32,39,40,11
19/12/2025,03,24,28,36,40,47,37
17/12/2025,02,04,11,19,40,43,47
14/12/2025,04,07,17,18,33,40,45
12/12/2025,04,09,24,39,40,44,01
10/12/2025,04,22,29,38,40,44,09
07/12/2025,03,12,13,18,22,40,38
05/12/2025,01,04,28,40,44,52,05
03/12/2025,01,06,29,40,41,42,56
30/11/2025,16,32,40,40,46,49,01
28/11/2025,06,09,13,22,34,40,44
26/11/2025,16,21,28,34,40,42,40
23/11/2025,07,22,24,32,38,40,56
21/11/2025,05,08,29,40,42,47,12
19/11/2025,06,12,30,40,42,45,13
16/11/2025,13,14,23,25,36,40,08
14/11/2025,01,11,25,31,40,54,02
12/11/2025,17,21,22,40,40,46,02
09/11/2025,03,16,23,30,38,40,49
07/11/2025,24,31,35,40,40,45,12
05/11/2025,01,19,24,25,31,40,09
02/11/2025,06,21,30,36,40,48,11
31/10/2025,04,09,13,27,29,40,32
29/10/2025,06,11,12,18,30,40,43
26/10/2025,14,25,26,28,38,40,13
24/10/2025,17,30,31,33,36,40,50
22/10/2025,01,05,07,08,32,40,36
19/10/2025,02,13,20,23,39,40,25
17/10/2025,03,09,17,34,40,41,02
15/10/2025,10,29,30,33,40,45,24
12/10/2025,06,21,30,40,41,47,29
10/10/2025,15,36,40,43,44,47,48
08/10/2025,18,39,40,41,45,46,25
05/10/2025,01,07,12,26,27,40,29
03/10/2025,15,21,25,30,32,40,20
01/10/2025,09,14,19,23,34,40,32
28/09/2025,06,10,35,40,43,44,56
26/09/2025,23,31,32,35,40,47,13
24/09/2025,31,33,40,43,50,53,56
21/09/2025,04,05,13,40,41,46,24
19/09/2025,02,05,13,24,25,40,29
17/09/2025,3,12,15,29,36,50,27
14/09/2025,3,7,12,24,42,55,19
12/09/2025,10,23,26,29,36,49,24
10/09/2025,8,17,20,26,28,33,3
07/09/2025,1,17,28,40,48,54,14
05/09/2025,19,27,33,41,42,50,56
03/09/2025,9,11,17,31,52,56,18
31/08/2025,2,3,26,34,48,55,39
29/08/2025,3,14,20,22,24,45,52
27/08/2025,2,15,18,42,47,49,7
24/08/2025,6,12,21,36,47,52,11
22/08/2025,11,40,45,53,54,55,28
20/02/2025,10,22,30,42,48,54,35
17/08/2025,7,28,39,40,41,54,29
15/08/2025,2,18,32,44,48,55,3
13/08/2025,15,18,32,47,48,51,29
10/08/2025,3,9,13,15,25,47,18
08/08/2025,5,6,16,40,41,55,33
06/08/2025,6,17,23,26,29,38,3
03/08/2025,7,15,18,20,50,52,26
01/08/2025,1,3,12,16,35,53,40
30/07/2025,2,17,22,33,35,47,38
27/07/2025,20,21,28,43,44,49,40
25/07/2025,10,28,31,38,40,49,43
23/07/2025,10,24,29,39,52,54,36
20/07/2025,8,14,16,22,37,40,12
18/07/2025,3,17,28,44,50,51,32
16/07/2025,14,21,38,46,47,49,41
13/07/2025,1,17,19,34,48,50,14
11/07/2025,4,11,22,28,33,50,24
09/07/2025,5,11,24,25,37,44,12
06/07/2025,4,19,37,39,44,48,36
04/07/2025,13,28,43,50,55,56,49
02/07/2025,14,19,24,35,54,55,29
29/06/2025,13,15,20,41,44,45,49
27/06/2025,8,12,15,18,20,34,44
25/06/2025,9,18,26,44,47,51,3
22/06/2025,5,19,21,34,42,53,3
20/06/2025,13,14,17,25,44,47,22
18/06/2025,6,11,19,29,33,38,42
15/06/2025,20,25,42,43,44,45,14
13/06/2025,3,8,21,32,33,52,36
11/06/2025,3,16,29,35,43,45,47
08/06/2025,2,8,32,38,49,50,30
06/06/2025,12,14,24,46,54,55,4
04/06/2025,30,39,40,45,50,54,5
01/06/2025,6,7,11,13,23,26,17
30/05/2025,11,18,24,25,27,52,26
28/05/2025,9,25,27,29,51,56,44
25/05/2025,5,12,18,20,32,38,13
23/05/2025,11,18,19,22,24,53,51
21/05/2025,3,4,8,11,29,47,14
18/05/2025,2,26,29,35,36,45,4
16/05/2025,3,25,33,36,49,53,27
14/05/2025,5,9,10,31,32,39,47
11/05/2025,4,12,14,38,41,44,40
09/05/2025,3,12,21,23,27,52,34
07/05/2025,4,33,35,39,49,52,21
04/05/2025,3,4,12,14,18,49,39
02/05/2025,4,8,25,26,32,55,34
30/04/2025,1,6,10,35,45,53,22
27/04/2025,12,16,40,42,45,51,19
25/04/2025,5,7,13,19,29,31,50
23/04/2025,11,27,28,40,42,52,51
20/04/2025,1,8,30,42,44,46,20
18/04/2025,6,23,24,34,40,53,25
16/04/2025,4,7,12,29,33,42,41
13/04/2025,15,32,36,38,43,51,22
11/04/2025,5,9,15,38,41,53,7
09/04/2025,20,28,30,36,53,56,26
06/04/2025,2,20,25,34,49,56,13
04/04/2025,2,30,39,43,54,56,12
02/04/2025,26,28,31,50,55,56,37
30/03/2025,9,17,21,25,35,42,27
28/03/2025,1,4,19,23,34,36,37
26/03/2025,18,29,34,39,41,55,43
23/03/2025,13,28,29,35,50,51,34
21/03/2025,2,6,10,28,32,44,23
19/03/2025,13,20,38,41,45,54,14
16/03/2025,8,12,23,30,44,45,36
14/03/2025,1,6,13,21,27,47,49
12/03/2025,1,11,15,25,44,45,6
09/03/2025,6,21,30,39,43,51,17
07/03/2025,16,18,30,38,41,47,29
05/03/2025,8,38,39,45,50,51,29
02/03/2025,8,9,23,24,29,47,38
28/02/2025,2,34,38,50,53,54,51
26/02/2025,5,21,23,40,46,56,43
26/02/2025,5,21,23,40,46,56,43
23/02/2025,8,14,31,37,42,44,34
21/02/2025,12,13,14,15,31,46,43
19/02/2025,20,31,34,41,45,54,42
16/02/2025,37,40,45,49,51,55,18
14/02/2025,5,11,14,29,44,45,10
12/02/2025,3,10,25,35,47,52,49
09/02/2025,2,10,14,15,21,26,45
07/02/2025,3,9,28,41,48,52,35
05/02/2025,9,14,27,28,30,45,17
02/02/2025,9,24,26,35,43,45,46
31/01/2025,5,9,12,24,50,55,31
29/01/2025,9,17,18,21,44,47,11
26/01/2025,3,4,13,28,40,45,49
24/01/2025,1,5,9,15,17,39,24
22/01/2025,3,19,21,23,35,43,51
19/01/2025,14,16,19,23,48,54,38
17/01/2025,18,19,23,27,36,53,25
15/01/2025,15,21,23,24,28,49,51
12/01/2025,11,18,21,28,52,53,54
10/01/2025,3,19,30,35,36,55,16
08/01/2025,4,12,14,26,47,56,5
05/01/2025,1,4,21,31,34,38,26
03/01/2025,7,19,32,43,46,49,2
01/01/2025,5,15,19,20,44,46,35
29/12/2024,5,7,18,20,29,42,31
27/12/2024,12,23,29,31,47,48,26
25/12/2024,1,2,16,21,43,46,19
22/12/2024,7,24,36,39,40,48,11
20/12/2024,15,27,30,33,39,49,25
18/12/2024,24,32,35,40,42,46,34
15/12/2024,4,7,11,23,49,56,38
13/12/2024,5,13,17,19,20,35,4
11/12/2024,8,10,35,37,41,50,56
08/12/2024,7,8,15,34,42,48,18
06/12/2024,15,16,24,28,39,46,50
04/12/2024,6,9,10,30,44,56,2
01/12/2024,3,7,13,39,40,42,19
29/11/2024,8,11,15,19,46,50,37
27/11/2024,10,11,31,35,44,51,27
24/11/2024,8,9,28,38,42,48,14
22/11/2024,1,18,19,23,25,26,9
20/11/2024,1,13,21,23,27,55,53
17/11/2024,22,24,25,26,55,56,10
15/11/2024,5,9,16,29,49,56,27
13/11/2024,29,33,39,49,55,56,6
10/11/2024,4,16,36,44,51,54,10
08/11/2024,4,15,17,24,35,54,25
06/11/2024,10,15,20,24,28,55,22
03/11/2024,2,4,16,23,31,45,36
01/11/2024,3,5,17,24,37,56,23
30/10/2024,2,21,22,25,33,56,9
27/10/2024,2,15,17,27,31,47,20
25/10/2024,5,8,34,36,43,50,52
23/10/2024,1,2,8,24,31,47,52
20/10/2024,1,2,13,28,45,51,52
18/10/2024,12,28,29,40,41,54,35
16/10/2024,3,4,18,20,22,49,52
13/10/2024,5,8,16,21,30,48,32
11/10/2024,11,19,25,36,48,55,28
09/10/2024,22,23,28,32,37,55,27
06/10/2024,7,20,24,40,41,43,15
04/10/2024,11,26,32,37,42,53,39
02/10/2024,1,3,16,27,28,46,30
29/09/2024,3,9,10,12,18,55,7
27/09/2024,11,20,21,44,45,48,30
25/09/2024,9,11,20,22,29,52,43
22/09/2024,11,34,36,41,47,55,25
20/09/2024,6,21,30,50,51,53,12
18/09/2024,2,13,21,34,36,45,41
15/09/2024,14,24,40,43,45,52,26
13/09/2024,16,19,21,28,49,50,31
11/09/2024,2,6,9,36,51,56,54
08/09/2024,10,17,18,32,35,42,27
06/09/2024,6,15,16,22,39,56,9
04/09/2024,15,35,50,51,52,54,28
01/09/2024,4,14,15,30,31,56,23
30/08/2024,8,32,42,45,48,50,7
28/08/2024,12,20,24,44,50,56,21
25/08/2024,11,13,22,29,34,46,16
23/08/2024,1,23,25,32,36,44,3
21/08/2024,18,22,29,35,39,51,31
18/08/2024,2,14,16,25,32,40,46
16/08/2024,2,28,30,31,40,51,44
14/08/2024,1,3,4,12,30,41,16
11/08/2024,8,14,34,40,44,53,18
09/08/2024,7,9,16,25,53,54,33
07/08/2024,4,5,16,22,27,39,54
04/08/2024,6,11,14,25,33,44,45
02/08/2024,4,11,12,29,30,49,46
31/07/2024,19,25,36,41,45,47,17
28/07/2024,25,29,40,41,47,50,16
26/07/2024,4,10,21,25,26,41,44
24/07/2024,4,6,32,35,40,41,56
21/07/2024,15,18,21,40,42,51,46
19/07/2024,5,22,26,50,51,53,34
17/07/2024,6,7,11,21,22,30,12
14/07/2024,2,3,10,17,23,39,4
12/07/2024,10,18,31,44,45,49,33
10/07/2024,3,4,5,10,39,52,53
07/07/2024,6,12,14,28,38,53,56
05/07/2024,1,18,24,25,38,50,22
03/07/2024,11,36,39,41,53,54,16
30/06/2024,4,8,17,33,35,47,23
28/06/2024,13,21,32,36,37,56,4
26/06/2024,13,24,27,28,32,55,52
23/06/2024,3,4,27,31,33,34,52
21/06/2024,1,10,20,24,39,54,36
19/06/2024,1,6,36,39,41,45,3
16/06/2024,1,7,15,18,50,51,8
14/06/2024,6,13,27,30,50,55,20
12/06/2024,7,24,32,36,43,49,39
09/06/2024,3,6,29,42,43,49,27
07/06/2024,1,3,11,22,24,30,54
05/06/2024,1,3,22,41,45,55,11
02/06/2024,23,25,33,35,49,56,19
31/05/2024,9,14,33,42,43,53,41
29/05/2024,4,7,15,29,31,33,12
26/05/2024,4,11,16,19,22,54,36
24/05/2024,20,32,35,36,45,53,22
22/05/2024,6,20,25,26,32,35,51
19/05/2024,3,24,40,44,53,55,28
17/05/2024,6,29,30,41,46,52,24
15/05/2024,3,30,31,37,44,45,42
12/05/2024,2,8,10,28,41,42,22
10/05/2024,1,12,16,18,26,46,8
08/05/2024,3,9,13,18,19,44,35
05/05/2024,11,19,21,37,38,51,55
03/05/2024,1,11,13,45,47,53,38
01/05/2024,4,14,18,29,32,53,26
28/04/2024,4,12,32,42,46,53,16
26/04/2024,4,12,20,21,39,41,52
24/04/2024,5,22,24,29,51,54,12
21/04/2024,2,15,24,42,43,44,40
19/04/2024,2,11,19,23,33,48,1
17/04/2024,21,25,32,43,52,53,6
14/04/2024,1,12,18,38,41,47,28
12/04/2024,14,16,37,44,53,55,31
10/04/2024,8,9,30,33,37,48,28
07/04/2024,16,18,24,44,51,56,3
05/04/2024,9,21,34,49,51,56,17
03/04/2024,7,12,24,36,46,53,23
31/03/2024,14,16,18,33,35,42,8
29/03/2024,20,34,39,44,48,53,23
27/03/2024,4,6,8,19,25,51,1
24/03/2024,1,33,49,51,53,54,11
22/03/2024,17,19,22,29,40,48,7
20/03/2024,5,8,31,45,52,56,48
17/03/2024,2,24,34,39,40,50,44
15/03/2024,9,17,20,30,33,50,44
13/03/2024,1,5,7,20,28,55,56
10/03/2024,9,11,20,24,29,54,42
08/03/2024,12,14,22,32,36,51,33
06/03/2024,12,35,36,39,47,50,4
03/03/2024,4,16,20,24,39,43,48
01/03/2024,25,31,35,36,40,42,5
28/02/2024,2,14,26,34,47,51,22
25/02/2024,1,3,4,40,52,56,5
23/02/2024,1,9,14,16,24,55,47
21/02/2024,15,21,26,31,43,46,7
18/02/2024,9,24,29,34,43,46,38
16/02/2024,1,20,30,34,39,49,27
14/02/2024,10,15,21,29,30,44,40
11/02/2024,2,6,30,39,41,49,10
09/02/2024,2,3,12,15,37,52,34
07/02/2024,11,22,29,31,43,48,14
04/02/2024,1,12,15,16,28,55,38
02/02/2024,2,4,13,26,31,54,10
31/01/2024,4,7,10,11,21,46,39
28/01/2024,13,28,32,34,39,48,15
26/01/2024,30,31,41,43,49,50,17
24/01/2024,6,7,18,27,31,43,52
21/01/2024,5,9,29,33,50,52,44
19/01/2024,3,19,29,30,35,39,26
17/01/2024,7,13,16,18,23,32,34
14/01/2024,3,5,25,27,36,38,18
12/01/2024,5,16,25,27,39,44,22
10/01/2024,12,15,38,50,51,53,18
07/01/2024,4,19,23,25,26,28,14
05/01/2024,1,5,11,32,39,43,20
03/01/2024,3,6,18,27,29,52,44
31/12/2023,1,16,17,19,28,41,21
29/12/2023,18,21,25,28,36,41,22
27/12/2023,18,23,35,38,42,55,1
24/12/2023,5,29,32,38,48,54,47
22/12/2023,7,26,29,36,39,41,11
20/12/2023,18,22,28,32,41,44,51
17/12/2023,14,27,36,46,50,54,3
15/12/2023,8,18,20,21,23,48,40
13/12/2023,5,6,9,25,50,55,43
10/12/2023,2,27,31,42,43,44,4
08/12/2023,7,10,35,40,43,55,49
06/12/2023,10,18,19,23,43,53,27
03/12/2023,6,15,16,24,28,43,26
01/12/2023,1,4,5,31,51,53,29
29/11/2023,1,5,10,12,18,41,34
26/11/2023,9,24,44,47,49,54,2
24/11/2023,1,15,31,35,38,53,44
22/11/2023,35,36,39,41,45,47,52
19/11/2023,13,23,24,28,34,43,1
17/11/2023,10,19,21,33,40,48,13
15/11/2023,4,8,31,46,50,54,21
12/11/2023,15,16,17,25,36,52,37
10/11/2023,8,12,24,31,42,48,37
08/11/2023,9,11,20,30,36,55,10
05/11/2023,2,6,8,29,38,50,1
03/11/2023,20,21,33,35,39,50,28
01/11/2023,3,4,15,24,42,56,17
29/10/2023,7,13,18,34,40,50,46
27/10/2023,4,7,24,27,31,42,15
25/10/2023,1,13,28,34,43,49,14
22/10/2023,12,17,18,22,41,53,45
20/10/2023,2,7,31,42,44,49,19
18/10/2023,1,15,20,25,52,56,49
15/10/2023,6,7,27,43,52,53,35
13/10/2023,8,12,29,30,48,51,10
11/10/2023,1,3,28,29,40,53,24
08/10/2023,10,35,36,37,41,42,39
06/10/2023,16,19,23,26,40,47,14
04/10/2023,2,4,24,31,34,56,35
01/10/2023,5,8,16,29,36,56,46
29/09/2023,7,12,20,28,46,47,13
27/09/2023,23,28,38,42,44,47,50
24/09/2023,1,19,38,41,51,55,49
22/09/2023,3,17,18,19,40,49,26
20/09/2023,1,29,38,45,50,52,31
17/09/2023,5,28,30,37,50,56,44
15/09/2023,7,20,21,40,48,54,31
13/09/2023,9,10,11,26,44,54,36
10/09/2023,2,32,33,37,39,55,25
08/09/2023,25,27,36,39,43,46,12
06/09/2023,7,10,15,28,47,54,17
03/09/2023,13,25,31,42,50,54,40
01/09/2023,12,16,24,27,35,52,6
30/08/2023,5,6,16,18,35,39,51
27/08/2023,17,20,23,36,45,46,19
25/08/2023,3,5,10,14,16,17,52
23/08/2023,20,31,36,39,42,51,56
20/08/2023,9,14,15,17,20,50,10
18/08/2023,5,9,28,29,37,49,10
16/08/2023,13,23,28,29,30,36,31
13/08/2023,2,6,15,23,29,51,28
11/08/2023,10,26,36,41,45,56,47
09/08/2023,5,8,17,19,48,56,27
06/08/2023,7,26,28,36,38,54,41
04/08/2023,31,35,36,42,45,52,6
02/08/2023,3,11,12,14,54,56,13
30/07/2023,8,14,25,29,37,52,54
28/07/2023,3,14,42,45,54,56,39
26/07/2023,3,20,31,42,48,50,26
23/07/2023,1,5,7,17,37,50,40
21/07/2023,13,17,26,39,40,44,10
19/07/2023,6,26,30,36,49,51,50
16/07/2023,6,24,32,42,47,54,11
14/07/2023,5,6,22,28,41,49,32
12/07/2023,33,37,42,44,47,54,17
09/07/2023,7,18,31,34,36,49,43
07/07/2023,3,9,13,36,48,50,1
05/07/2023,1,19,24,26,28,42,30
02/07/2023,5,6,14,32,43,56,24
30/06/2023,8,22,27,39,52,53,49
28/06/2023,4,20,30,35,51,54,38
25/06/2023,10,11,13,24,34,49,6
23/06/2023,1,2,15,27,40,45,22
21/06/2023,12,18,19,30,33,49,43
18/06/2023,14,15,27,37,40,44,36
16/06/2023,1,2,8,22,25,37,39
14/06/2023,19,29,33,35,36,42,52
11/06/2023,6,14,21,24,35,41,33
09/06/2023,7,13,14,28,31,43,38
07/06/2023,6,10,13,36,39,43,42
04/06/2023,8,18,24,33,39,40,2
02/06/2023,8,29,36,48,53,56,40
31/05/2023,7,24,25,40,44,54,2
28/05/2023,3,4,33,37,40,44,6
26/05/2023,6,44,48,49,51,53,31
24/05/2023,4,16,17,18,29,33,22
21/05/2023,1,8,23,29,45,50,6
19/05/2023,12,32,44,45,47,56,50
17/05/2023,4,6,8,30,34,38,12
14/05/2023,8,18,19,37,43,48,42
12/05/2023,1,15,17,23,30,38,53
10/05/2023,8,17,19,22,36,39,41
07/05/2023,3,15,27,50,54,56,10
05/05/2023,5,6,9,27,32,40,47
03/05/2023,10,15,26,44,53,55,14
30/04/2023,4,29,40,47,51,52,7
28/04/2023,30,31,38,42,45,54,27
26/04/2023,8,11,15,24,35,55,5
23/04/2023,12,16,19,21,35,39,32
21/04/2023,2,35,46,47,51,53,49
19/04/2023,2,14,19,29,30,38,7
16/04/2023,5,12,27,29,44,53,49
14/04/2023,7,8,31,44,47,54,12
12/04/2023,8,10,14,17,27,41,36
09/04/2023,18,19,38,48,53,56,17
07/04/2023,1,10,26,30,39,42,35
05/04/2023,22,26,31,39,44,52,24
02/04/2023,1,19,32,39,40,41,3
31/03/2023,3,9,18,32,47,54,52
29/03/2023,14,18,32,48,50,54,1
26/03/2023,15,17,19,23,25,42,1
24/03/2023,9,38,44,52,54,55,48
22/03/2023,4,10,15,32,35,45,2
19/03/2023,2,7,12,28,52,54,53
17/03/2023,7,17,19,34,46,53,12
15/03/2023,1,8,24,26,35,50,17
12/03/2023,7,8,24,26,27,28,10
10/03/2023,21,27,29,35,38,46,2
08/03/2023,2,5,19,31,47,54,30
05/03/2023,1,11,12,29,36,51,3
03/03/2023,1,18,30,44,45,54,11
01/03/2023,7,14,38,41,46,54,31
26/02/2023,15,28,50,51,55,56,3
24/02/2023,2,4,22,24,39,55,41
22/02/2023,2,20,21,35,39,48,1
19/02/2023,2,8,12,24,29,41,33
17/02/2023,16,27,31,33,39,43,8
15/02/2023,6,13,15,19,55,56,40
12/02/2023,1,5,9,19,39,44,33
10/02/2023,8,12,22,26,34,55,30
08/02/2023,4,6,21,29,51,52,27
05/02/2023,7,10,28,32,40,51,50
03/02/2023,4,25,26,47,53,56,37
01/02/2023,2,11,15,32,37,44,55
29/01/2023,2,19,30,38,42,48,20
27/01/2023,2,15,19,36,42,43,13
25/01/2023,12,14,36,38,45,48,29
22/01/2023,1,3,18,19,50,56,52
20/01/2023,1,8,11,19,22,27,42
18/01/2023,1,17,18,27,49,53,25
15/01/2023,1,6,15,24,30,55,46
13/01/2023,10,20,25,46,52,56,33
11/01/2023,1,38,40,42,50,56,4
08/01/2023,18,19,24,28,33,47,16
06/01/2023,7,10,13,27,50,54,20
04/01/2023,10,11,18,29,37,40,45
01/01/2023,12,20,30,41,49,53,18
30/12/2022,8,14,17,25,27,38,18
28/12/2022,9,15,17,27,29,36,50
25/12/2022,6,14,26,41,43,52,5
23/12/2022,3,5,46,49,50,55,14
21/12/2022,4,10,24,27,41,55,38
18/12/2022,5,10,16,35,37,50,25
16/12/2022,5,9,18,29,32,56,27
14/12/2022,1,18,33,34,40,45,12
11/12/2022,6,16,19,38,48,51,25
09/12/2022,3,7,46,47,54,55,30
07/12/2022,11,15,33,46,48,52,18
04/12/2022,15,17,24,30,39,52,18
02/12/2022,3,4,19,32,36,56,28
30/11/2022,7,10,14,19,35,39,43
27/11/2022,21,22,35,38,40,53,16
25/11/2022,12,24,34,41,47,49,26
23/11/2022,15,16,21,26,43,50,2
20/11/2022,3,4,22,40,46,55,11
18/11/2022,3,5,22,23,37,53,10
16/11/2022,3,10,16,20,50,53,31
13/11/2022,2,35,37,42,44,49,23
11/11/2022,18,19,26,31,45,51,32
09/11/2022,5,13,30,42,49,50,38
06/11/2022,7,11,19,29,39,47,35
04/11/2022,14,31,32,36,48,50,20
02/11/2022,4,23,24,25,36,53,51
30/10/2022,5,23,29,42,46,52,24
28/10/2022,2,8,12,20,45,54,33
26/10/2022,6,35,44,48,52,54,55
23/10/2022,12,14,19,35,45,49,43
21/10/2022,10,12,17,20,48,53,9
19/10/2022,2,7,11,15,43,49,40
16/10/2022,9,25,30,33,36,50,16
14/10/2022,29,30,37,41,45,56,12
12/10/2022,14,35,39,43,44,46,48
09/10/2022,7,10,20,21,25,31,3
07/10/2022,6,36,37,40,45,49,39
05/10/2022,1,8,12,14,18,38,56
02/10/2022,1,16,18,36,44,51,31
30/09/2022,2,6,20,42,43,50,38
28/09/2022,3,18,33,38,48,49,45
25/09/2022,1,21,23,29,48,50,30
23/09/2022,11,22,24,26,47,48,8
21/09/2022,1,14,26,40,45,55,10
18/09/2022,4,12,18,23,38,41,16
16/09/2022,7,16,21,31,45,46,1
14/09/2022,4,18,20,24,33,55,46
11/09/2022,15,24,39,42,45,56,31
09/09/2022,3,7,13,18,20,23,49
07/09/2022,23,25,33,41,44,56,11
04/09/2022,5,8,21,24,30,47,34
02/09/2022,5,12,21,30,36,52,43
31/08/2022,21,25,27,32,33,41,42
28/08/2022,9,12,18,34,40,54,25
26/08/2022,8,14,15,36,45,49,6
24/08/2022,4,16,24,25,28,54,33
21/08/2022,1,8,19,26,32,56,17
19/08/2022,23,25,28,33,35,53,4
17/08/2022,27,31,33,39,48,54,24
14/08/2022,17,24,27,33,35,55,19
12/08/2022,4,15,27,28,32,34,5
10/08/2022,3,38,40,46,49,52,45
07/08/2022,4,12,13,20,45,54,43
05/08/2022,10,14,18,26,27,55,39
03/08/2022,1,8,9,16,22,44,38
31/07/2022,13,20,39,43,54,56,42
29/07/2022,1,3,11,28,41,49,53
27/07/2022,5,17,19,46,48,50,55
24/07/2022,2,3,26,49,50,52,29
22/07/2022,13,15,30,37,40,45,31
20/07/2022,15,20,23,44,51,52,6
17/07/2022,1,13,17,24,34,53,39
15/07/2022,5,8,13,15,24,47,48
13/07/2022,4,21,28,39,49,52,2
10/07/2022,19,29,36,42,44,52,45
08/07/2022,18,27,30,41,43,51,49
06/07/2022,1,3,12,30,31,38,16
03/07/2022,13,18,32,33,34,54,28
01/07/2022,9,27,35,43,50,52,41
29/06/2022,7,14,38,40,43,56,34
26/06/2022,6,9,13,21,29,45,7
24/06/2022,6,20,24,35,52,53,34
22/06/2022,8,11,25,35,36,51,37
19/06/2022,8,15,24,29,30,49,9
17/06/2022,5,17,22,27,37,52,42
15/06/2022,15,32,41,45,48,52,20
12/06/2022,11,29,45,47,53,54,23
10/06/2022,7,9,27,43,47,52,4
08/06/2022,18,21,29,41,55,56,48
05/06/2022,2,13,15,20,30,50,36
03/06/2022,10,17,29,33,40,46,32
01/06/2022,21,23,34,39,43,49,56
29/05/2022,1,18,22,35,36,56,17
27/05/2022,1,2,8,11,42,54,47
25/05/2022,13,18,32,33,40,46,26
22/05/2022,5,11,22,31,32,53,45
20/05/2022,25,35,43,45,48,50,52
18/05/2022,3,6,7,22,32,51,35
15/05/2022,8,15,23,26,35,52,16
13/05/2022,4,7,21,52,55,56,12
11/05/2022,2,3,32,46,49,55,35
08/05/2022,20,35,38,42,46,55,56
06/05/2022,12,13,14,15,25,30,43
04/05/2022,22,23,36,37,45,50,15
01/05/2022,1,6,18,29,31,47,42
29/04/2022,6,7,9,21,33,37,1
27/04/2022,13,27,29,33,41,45,49
24/04/2022,21,23,29,31,40,56,52
22/04/2022,1,11,13,20,41,49,18
20/04/2022,10,12,18,21,44,55,46
17/04/2022,29,32,34,42,45,51,11
15/04/2022,23,25,33,41,44,51,4
13/04/2022,1,2,11,31,35,54,41
10/04/2022,19,21,36,38,42,51,28
08/04/2022,21,28,33,39,51,52,31
06/04/2022,4,20,21,22,45,47,24
03/04/2022,1,15,22,36,39,49,31
01/04/2022,1,10,28,33,38,54,35
30/03/2022,6,26,34,40,42,52,53
27/03/2022,16,19,21,27,29,37,22
25/03/2022,10,13,26,31,36,53,48
23/03/2022,6,9,16,17,27,29,15
20/03/2022,18,40,44,49,51,54,15
18/03/2022,2,17,20,26,46,50,51
16/03/2022,3,10,13,22,29,30,46
13/03/2022,2,23,24,28,50,53,12
11/03/2022,9,17,29,37,49,50,2
09/03/2022,6,13,16,27,29,55,15
06/03/2022,5,6,12,21,53,55,15
04/03/2022,15,17,26,31,37,42,29
02/03/2022,8,12,13,28,34,48,43
27/02/2022,13,18,22,33,43,53,25
25/02/2022,5,10,14,24,49,54,32
23/02/2022,20,46,50,53,54,55,6
20/02/2022,29,37,40,44,53,54,42
18/02/2022,6,7,8,25,26,40,55
16/02/2022,10,11,14,23,24,38,44
13/02/2022,11,28,41,44,47,55,52
11/02/2022,3,8,10,11,14,56,18
09/02/2022,29,36,38,39,42,49,48
06/02/2022,5,20,35,48,53,56,23
04/02/2022,10,14,34,37,42,54,1
02/02/2022,4,5,34,38,46,55,29
30/01/2022,15,16,40,41,51,52,25
28/01/2022,21,27,40,44,45,53,37
26/01/2022,3,18,19,45,49,50,54
23/01/2022,3,8,19,25,34,51,10
21/01/2022,1,3,8,17,36,41,44
19/01/2022,22,27,42,48,53,55,28
16/01/2022,12,17,18,37,44,50,8
14/01/2022,6,21,23,26,35,53,44
12/01/2022,13,22,28,33,34,50,7
09/01/2022,1,5,14,23,24,54,56
07/01/2022,2,9,11,17,27,42,25
05/01/2022,9,11,22,36,47,49,38
02/01/2022,3,7,13,32,40,41,22
31/12/2021,1,9,17,18,35,47,13
29/12/2021,14,15,32,50,53,55,43
26/12/2021,2,4,35,44,54,56,28
24/12/2021,1,21,24,26,29,33,22
22/12/2021,5,17,18,23,29,30,40
19/12/2021,1,9,26,41,47,53,5
17/12/2021,8,33,36,37,52,56,38
15/12/2021,6,27,38,45,53,54,18
12/12/2021,10,24,34,44,47,53,5
10/12/2021,6,8,18,32,43,51,17
08/12/2021,2,33,36,39,44,52,30
05/12/2021,28,32,34,43,49,55,7
03/12/2021,5,14,22,34,35,41,43
01/12/2021,12,20,25,35,41,43,6
28/11/2021,5,10,17,42,47,54,12
26/11/2021,18,19,27,47,53,56,51
24/11/2021,3,10,14,30,45,56,9
21/11/2021,11,12,21,30,39,41,48
17/11/2021,4,5,14,18,54,55,15
14/11/2021,24,33,35,38,49,52,2
10/11/2021,11,13,18,25,27,56,28
07/11/2021,1,6,10,14,30,53,54
03/11/2021,6,9,18,33,35,48,24
31/10/2021,13,16,19,20,21,32,15
27/10/2021,11,13,19,31,42,46,6
24/10/2021,15,22,24,29,31,50,7
20/10/2021,2,3,6,29,33,44,38
17/10/2021,17,24,26,32,34,40,37
13/10/2021,8,17,31,46,47,54,18
10/10/2021,1,2,17,20,36,56,48
06/10/2021,1,5,15,32,33,36,47
03/10/2021,2,24,26,31,48,50,44
29/09/2021,10,15,31,37,51,56,26
26/09/2021,2,9,11,36,49,56,27
22/09/2021,7,8,24,25,37,55,42
19/09/2021,16,24,37,38,47,52,13
15/09/2021,5,13,18,22,30,43,56
12/09/2021,2,4,16,24,31,40,39
08/09/2021,8,25,32,46,49,56,41
05/09/2021,20,23,37,39,41,56,46
01/09/2021,7,14,30,49,51,55,13
29/08/2021,11,15,34,41,44,50,30
25/08/2021,5,8,11,20,25,41,14
22/08/2021,4,7,17,29,31,51,12
18/08/2021,14,32,33,36,39,40,29
15/08/2021,15,21,28,35,40,48,27
11/08/2021,4,6,13,15,17,29,42
08/08/2021,1,5,31,46,52,56,2
04/08/2021,1,8,20,29,37,44,25
01/08/2021,5,12,14,17,41,46,13
28/07/2021,7,11,13,15,47,51,24
25/07/2021,6,15,18,20,38,43,27
21/07/2021,2,7,9,25,32,41,38
18/07/2021,5,16,23,24,33,47,11
14/07/2021,1,13,22,32,36,53,54
11/07/2021,6,22,24,27,41,45,51
07/07/2021,1,3,13,33,39,51,43
04/07/2021,12,19,21,24,41,42,3
30/06/2021,8,16,21,36,48,51,45
27/06/2021,3,6,32,36,42,45,27
23/06/2021,23,28,32,34,37,38,55
20/06/2021,26,32,38,41,55,56,42
16/06/2021,3,7,14,18,33,44,29
13/06/2021,10,20,23,24,40,49,44
09/06/2021,3,22,24,37,39,42,50
06/06/2021,1,6,12,18,22,33,19
02/06/2021,1,3,26,48,49,51,45
30/05/2021,23,24,26,32,35,54,45
26/05/2021,12,13,28,33,34,51,53
23/05/2021,29,32,38,39,51,54,53
19/05/2021,20,22,39,51,52,54,38
16/05/2021,6,10,29,47,55,56,54
12/05/2021,8,9,17,32,34,48,27
09/05/2021,13,21,35,36,44,47,54
05/05/2021,12,14,24,34,49,50,52
02/05/2021,19,39,43,49,50,52,17
28/04/2021,8,21,33,43,44,50,14
25/04/2021,3,26,29,37,51,54,38
21/04/2021,7,24,26,49,51,54,25
18/04/2021,6,13,15,22,40,41,38
14/04/2021,2,3,5,11,47,48,44
11/04/2021,4,20,37,43,54,55,21
07/04/2021,1,5,17,31,42,46,51
04/04/2021,7,14,38,44,46,49,6
31/03/2021,26,28,35,40,41,49,52
28/03/2021,14,23,43,44,45,56,17
24/03/2021,2,6,10,14,27,45,39
21/03/2021,12,15,22,34,36,48,54
17/03/2021,4,10,13,17,28,29,47
14/03/2021,13,23,27,32,49,52,12
10/03/2021,1,11,14,23,46,49,34
07/03/2021,4,7,18,19,20,37,17
03/03/2021,10,14,15,23,49,52,4
28/02/2021,15,27,30,38,44,55,41
24/02/2021,4,22,28,38,49,51,32
21/02/2021,3,14,19,25,39,50,49
17/02/2021,1,6,36,42,44,45,19
14/02/2021,2,5,15,17,44,55,12
10/02/2021,9,17,18,31,41,54,8
07/02/2021,6,11,25,38,50,53,47
03/02/2021,1,6,27,31,37,48,55
31/01/2021,5,18,25,35,39,48,16
27/01/2021,15,17,18,28,30,40,3
24/01/2021,2,4,21,25,33,46,17
20/01/2021,12,15,25,32,34,50,51
17/01/2021,24,31,44,47,54,56,50
13/01/2021,6,10,30,31,34,36,47
10/01/2021,1,13,42,45,50,53,33
06/01/2021,18,22,23,33,52,54,11
03/01/2021,5,9,26,39,40,43,48
30/12/2020,13,18,22,29,33,50,6
27/12/2020,1,3,14,26,29,32,51
23/12/2020,9,16,19,33,46,50,10
20/12/2020,7,10,37,45,54,55,23
16/12/2020,22,24,25,31,32,56,38
13/12/2020,4,17,30,36,42,53,32
09/12/2020,9,25,27,30,31,41,2
06/12/2020,5,26,38,48,50,54,13
02/12/2020,6,17,21,26,41,51,30
29/11/2020,11,13,25,27,48,53,18
25/11/2020,9,37,40,42,50,55,45
22/11/2020,3,8,32,37,39,43,30
18/11/2020,11,15,28,31,39,50,2
15/11/2020,1,5,15,18,24,54,50
11/11/2020,7,16,18,24,46,54,49
08/11/2020,1,11,20,38,41,43,39
04/11/2020,1,3,5,53,54,56,42
01/11/2020,16,18,34,42,47,55,43
28/10/2020,3,30,42,49,50,51,40
25/10/2020,3,7,10,28,34,43,20
21/10/2020,1,5,24,29,30,46,19
18/10/2020,1,12,14,31,34,56,55
14/10/2020,5,29,30,34,36,50,37
11/10/2020,3,8,31,32,52,54,48
07/10/2020,3,14,16,21,32,54,13
04/10/2020,4,19,36,39,40,53,52
30/09/2020,4,15,16,21,35,56,45
27/09/2020,9,19,22,24,30,34,52
23/09/2020,37,38,42,48,49,50,26
20/09/2020,8,14,32,40,43,45,15
16/09/2020,13,14,19,27,35,54,25
13/09/2020,1,22,30,36,45,52,49
09/09/2020,5,11,28,35,38,42,30
06/09/2020,5,12,21,27,43,49,11
02/09/2020,11,16,28,38,39,53,18
30/08/2020,16,26,27,30,41,54,21
26/08/2020,2,8,11,18,25,56,17
23/08/2020,9,17,29,52,54,56,49
19/08/2020,17,21,27,42,50,52,16
16/08/2020,11,12,23,25,41,44,4
12/08/2020,8,15,17,35,39,45,13
09/08/2020,12,23,39,45,54,56,7
05/08/2020,1,8,19,35,37,43,31
02/08/2020,17,18,24,34,41,50,37
29/07/2020,9,17,43,46,48,53,12
26/07/2020,5,21,23,41,43,56,33
01/04/2020,13,19,24,39,40,46,21
29/03/2020,12,15,16,18,39,47,36
25/03/2020,11,19,24,26,33,56,50
22/03/2020,5,6,10,15,28,52,39
18/03/2020,3,11,14,18,38,47,52
15/03/2020,3,6,12,21,43,51,24
11/03/2020,3,6,9,16,25,42,29
08/03/2020,15,22,35,44,50,53,3
04/03/2020,6,7,31,33,42,52,21
01/03/2020,10,12,20,29,46,47,27
26/02/2020,9,19,39,46,49,56,7
23/02/2020,14,28,40,42,43,45,23
19/02/2020,13,14,17,35,39,54,45
16/02/2020,15,23,43,44,50,55,4
12/02/2020,11,12,18,29,33,50,53
09/02/2020,6,13,16,40,41,53,45
05/02/2020,10,11,23,28,32,34,21
02/02/2020,19,21,26,50,55,56,17
29/01/2020,6,21,23,25,28,48,22
26/01/2020,1,6,31,32,43,47,39
22/01/2020,2,5,15,34,45,46,30
19/01/2020,13,20,21,24,32,50,35
15/01/2020,2,29,31,36,44,50,54
12/01/2020,15,16,19,25,50,54,29
08/01/2020,9,11,14,20,24,44,30
05/01/2020,12,13,15,34,36,47,28
01/01/2020,12,28,32,40,45,52,46
29/12/2019,5,23,24,33,48,50,1
25/12/2019,5,10,11,17,39,48,35
22/12/2019,3,17,21,36,37,40,53
18/12/2019,11,20,27,50,54,55,24
15/12/2019,2,8,27,32,38,49,9
11/12/2019,15,18,21,29,33,41,43
08/12/2019,11,13,31,32,33,40,5
04/12/2019,10,21,25,29,43,52,30
01/12/2019,1,3,4,9,20,55,53
27/11/2019,3,4,36,43,50,51,13
24/11/2019,8,11,23,25,28,29,37
20/11/2019,31,32,33,36,39,44,56
17/11/2019,6,24,31,37,39,54,42
13/11/2019,15,18,23,26,32,34,3
10/11/2019,9,13,21,50,51,53,26
06/11/2019,9,13,39,44,48,52,23
03/11/2019,8,16,20,28,33,36,46
30/10/2019,17,19,33,38,54,55,6
27/10/2019,2,11,24,42,51,54,16
23/10/2019,10,15,17,31,45,51,9
20/10/2019,7,16,17,39,46,56,9
16/10/2019,1,10,20,25,44,46,52
13/10/2019,11,33,37,38,41,46,7
09/10/2019,7,12,25,35,44,45,43
06/10/2019,7,34,37,41,44,56,52
02/10/2019,11,15,29,39,40,50,41
29/09/2019,1,4,15,24,34,52,38
25/09/2019,3,12,18,24,43,50,30
22/09/2019,13,15,23,42,49,51,5
18/09/2019,2,9,13,16,27,38,37
15/09/2019,12,29,41,49,52,55,46
11/09/2019,1,10,20,37,53,56,22
08/09/2019,4,29,30,41,43,49,47
04/09/2019,1,3,5,26,37,52,15
01/09/2019,31,35,39,41,50,51,26
28/08/2019,4,15,22,28,40,48,16
25/08/2019,25,28,29,43,47,49,52
21/08/2019,20,25,29,34,44,54,18
18/08/2019,6,10,17,21,30,39,16
14/08/2019,2,18,23,24,32,54,40
11/08/2019,2,8,24,29,41,46,26
07/08/2019,10,28,32,35,44,48,14
04/08/2019,4,5,14,23,26,47,2
31/07/2019,1,16,30,31,34,43,18
28/07/2019,4,6,22,39,46,53,41
24/07/2019,1,11,26,31,52,55,50
21/07/2019,9,19,26,41,51,52,8
17/07/2019,8,27,31,37,43,45,24
14/07/2019,11,19,34,36,43,56,53
10/07/2019,6,16,30,36,43,56,45
07/07/2019,4,31,33,34,50,54,23
03/07/2019,18,20,29,44,46,52,37
30/06/2019,6,12,29,37,51,53,48
26/06/2019,3,5,9,42,44,48,26
23/06/2019,9,12,28,47,51,53,40
19/06/2019,21,24,32,36,41,49,3
16/06/2019,11,18,33,41,53,54,6
12/06/2019,14,16,24,30,33,39,48
09/06/2019,5,7,8,17,21,23,22
05/06/2019,7,22,43,45,47,55,33
02/06/2019,8,14,20,25,34,46,42
29/05/2019,3,20,32,35,42,52,1
26/05/2019,3,6,20,23,34,46,42
22/05/2019,2,10,25,32,41,52,45
19/05/2019,1,19,33,47,50,54,27
15/05/2019,15,17,19,22,35,37,28
12/05/2019,1,10,17,20,34,45,19
08/05/2019,6,7,11,29,33,39,51
05/05/2019,13,15,24,45,47,55,28
01/05/2019,5,7,18,24,49,52,26
28/04/2019,1,2,22,23,28,52,37
24/04/2019,3,7,13,47,53,55,51
21/04/2019,5,20,23,26,32,46,34
17/04/2019,3,6,9,36,47,55,34
14/04/2019,4,5,11,15,25,47,37
10/04/2019,5,24,28,34,36,43,53
07/04/2019,16,21,32,34,38,46,36
03/04/2019,5,31,32,34,41,45,40
31/03/2019,10,27,32,38,45,56,13
27/03/2019,22,34,37,39,40,48,46
24/03/2019,5,6,14,23,40,45,10
20/03/2019,11,13,34,36,39,51,8
17/03/2019,3,18,22,27,29,46,42
13/03/2019,3,8,18,24,36,54,2
10/03/2019,1,6,15,26,45,54,27
06/03/2019,9,13,17,30,32,35,26
03/03/2019,9,12,16,25,30,45,49
27/02/2019,21,25,27,31,38,44,34
24/02/2019,5,16,18,26,35,41,20
20/02/2019,7,9,10,13,19,21,46
17/02/2019,6,11,23,34,35,54,25
13/02/2019,11,20,22,37,41,47,29
10/02/2019,3,10,34,38,39,43,28
06/02/2019,2,3,17,23,30,44,49
03/02/2019,7,11,14,33,40,46,51
30/01/2019,7,13,17,22,23,47,40
27/01/2019,3,6,8,15,42,45,49
23/01/2019,11,20,36,43,44,52,39
20/01/2019,5,13,17,19,28,53,46
16/01/2019,1,7,10,18,25,28,16
13/01/2019,17,19,25,27,53,54,23
09/01/2019,2,10,15,38,50,52,53
06/01/2019,3,12,17,31,46,51,13
02/01/2019,4,8,11,16,28,40,50
30/12/2018,1,3,4,8,12,30,27
26/12/2018,3,9,25,30,38,40,2
23/12/2018,8,13,14,38,43,56,9
19/12/2018,14,19,21,24,31,49,50
16/12/2018,6,11,12,41,50,52,47
12/12/2018,4,13,21,25,47,53,16
09/12/2018,16,22,35,36,39,50,6
05/12/2018,8,11,25,30,36,37,14
02/12/2018,9,21,27,34,49,52,4
28/11/2018,2,4,10,12,21,28,29
25/11/2018,3,9,32,33,40,56,8
21/11/2018,6,10,31,35,36,45,41
18/11/2018,22,28,33,35,50,51,13
14/11/2018,2,14,19,39,43,45,52
11/11/2018,10,16,23,52,54,56,36
07/11/2018,1,7,13,14,19,20,49
04/11/2018,16,19,29,34,40,45,28
31/10/2018,1,7,9,18,32,55,12
28/10/2018,1,2,32,33,45,56,42
24/10/2018,25,33,46,49,51,54,34
21/10/2018,3,7,29,30,39,51,23
17/10/2018,1,18,19,20,34,53,15
14/10/2018,10,21,31,39,40,42,26
10/10/2018,12,21,24,34,37,55,50
07/10/2018,22,23,24,29,36,40,20
03/10/2018,6,11,41,48,50,52,25
30/09/2018,20,23,31,40,43,54,46
26/09/2018,7,12,35,40,41,50,34
23/09/2018,16,27,29,34,50,56,33
19/09/2018,24,29,34,36,37,46,55
16/09/2018,9,16,22,43,49,53,51
12/09/2018,15,16,26,33,41,56,32
09/09/2018,19,23,28,34,40,52,26
05/09/2018,17,20,22,25,43,55,7
02/09/2018,11,12,17,31,40,55,56
29/08/2018,2,9,31,40,42,50,4
26/08/2018,7,9,13,31,51,54,27
22/08/2018,5,17,33,36,38,43,44
19/08/2018,1,12,27,48,49,56,7
15/08/2018,1,2,29,35,43,47,3
12/08/2018,8,10,13,22,26,30,49
08/08/2018,3,14,16,23,40,45,47
05/08/2018,13,15,37,39,50,52,34
01/08/2018,19,35,36,38,43,53,55
29/07/2018,25,39,43,44,45,53,26
25/07/2018,15,21,38,40,46,50,5
22/07/2018,24,28,29,44,51,53,39
18/07/2018,1,9,15,34,44,52,5
15/07/2018,2,7,12,19,29,40,45
11/07/2018,18,27,35,41,45,49,47
08/07/2018,8,21,33,41,48,51,30
04/07/2018,7,21,26,37,48,52,30
01/07/2018,11,15,20,36,39,45,27
27/06/2018,22,27,33,37,43,52,54
24/06/2018,13,30,31,33,46,50,26
20/06/2018,11,16,19,22,26,32,1
17/06/2018,4,14,19,30,44,50,15
13/06/2018,6,9,11,21,32,56,26
10/06/2018,5,14,15,47,48,54,12
06/06/2018,9,11,17,30,34,45,36
03/06/2018,5,8,16,20,44,45,34
30/05/2018,7,8,29,37,43,50,42
27/05/2018,7,28,31,33,36,42,24
23/05/2018,7,13,22,29,33,51,19
20/05/2018,20,36,45,46,47,56,9
16/05/2018,2,9,10,24,38,53,33
13/05/2018,3,21,42,51,54,56,22
09/05/2018,7,11,47,53,55,56,40
06/05/2018,7,10,43,48,51,56,32
02/05/2018,1,3,14,21,37,54,29
29/04/2018,2,10,34,42,53,54,28
25/04/2018,14,16,18,20,38,54,2
22/04/2018,6,18,23,32,52,56,45
18/04/2018,13,18,21,22,27,54,49
15/04/2018,9,14,18,33,42,48,38
11/04/2018,1,9,23,25,26,35,29
08/04/2018,25,27,34,35,47,48,26
04/04/2018,7,9,10,19,28,36,34
01/04/2018,16,19,28,44,45,54,40
28/03/2018,4,7,16,32,42,55,28
25/03/2018,1,17,32,46,47,54,18
21/03/2018,5,25,26,40,44,54,18
18/03/2018,18,22,25,36,37,50,49
14/03/2018,2,18,30,33,34,50,48
11/03/2018,10,26,30,42,45,49,47
07/03/2018,14,17,23,25,47,51,6
04/03/2018,5,16,21,28,41,52,42
28/02/2018,3,4,26,27,32,38,28
25/02/2018,6,8,23,24,28,31,34
21/02/2018,9,12,19,24,48,56,27
18/02/2018,19,36,38,41,48,53,54
14/02/2018,2,26,51,52,53,56,7
11/02/2018,21,34,40,44,48,52,16
07/02/2018,4,23,26,34,49,54,13
04/02/2018,1,23,32,34,39,52,8
31/01/2018,7,15,23,34,37,45,43
28/01/2018,4,10,31,39,51,52,8
24/01/2018,6,10,13,25,29,45,3
21/01/2018,9,17,18,25,28,47,6
17/01/2018,11,19,27,28,32,54,45
14/01/2018,7,22,31,35,51,55,10
10/01/2018,1,15,17,25,32,37,29
07/01/2018,10,14,19,32,34,48,24
03/01/2018,24,34,35,36,45,54,25
31/12/2017,2,10,13,16,18,38,4
27/12/2017,4,16,37,38,44,46,52
24/12/2017,2,8,12,23,30,55,33
20/12/2017,4,5,10,19,29,37,22
17/12/2017,19,28,32,47,52,55,40
13/12/2017,7,25,33,35,47,49,13
10/12/2017,11,17,20,21,28,55,45
06/12/2017,27,32,34,35,48,55,36
03/12/2017,19,27,28,29,32,50,56
29/11/2017,21,22,38,42,43,47,10
26/11/2017,7,23,25,27,31,32,5
22/11/2017,13,19,25,33,40,46,36
19/11/2017,5,8,12,16,25,51,36
15/11/2017,4,6,10,17,20,29,7
12/11/2017,9,12,13,14,15,53,6
08/11/2017,1,11,17,19,23,31,48
05/11/2017,16,21,24,36,47,53,42
01/11/2017,2,29,30,36,39,44,12
29/10/2017,3,28,38,43,46,54,9
25/10/2017,2,17,30,33,42,55,39
22/10/2017,12,15,25,39,43,51,18
18/10/2017,6,8,26,32,37,42,50
15/10/2017,1,5,6,10,13,44,52
11/10/2017,3,22,23,42,48,50,20
08/10/2017,8,16,32,40,46,55,52
04/10/2017,14,17,26,38,39,50,27
01/10/2017,4,16,29,36,47,54,1
27/09/2017,3,10,14,23,47,51,25
24/09/2017,10,17,22,39,46,49,7
20/09/2017,4,5,11,40,52,54,43
17/09/2017,18,20,37,40,54,56,44
13/09/2017,4,6,19,21,43,54,16
10/09/2017,2,6,24,34,43,45,26
06/09/2017,26,29,41,48,49,50,33
03/09/2017,2,3,19,38,40,47,39
30/08/2017,1,5,11,21,27,46,26
27/08/2017,12,25,31,35,44,46,48
23/08/2017,4,12,15,30,40,45,2
20/08/2017,7,12,20,21,28,31,42
16/08/2017,21,33,34,42,48,51,17
13/08/2017,8,25,27,29,31,43,56
09/08/2017,2,3,37,40,42,52,16
06/08/2017,2,5,6,19,42,47,34
02/08/2017,13,16,17,19,49,50,47
30/07/2017,9,13,36,47,48,54,14
26/07/2017,14,18,22,30,37,49,28
23/07/2017,1,7,24,34,40,46,38
19/07/2017,1,5,14,22,35,55,40
16/07/2017,17,18,23,38,42,46,36
12/07/2017,6,8,28,36,38,42,25
09/07/2017,5,11,12,26,31,46,56
05/07/2017,2,8,23,45,46,54,18
02/07/2017,6,9,20,32,36,38,45
28/06/2017,2,18,19,20,26,55,33
25/06/2017,4,20,27,32,51,56,38
21/06/2017,2,19,20,26,32,56,46
18/06/2017,15,21,28,53,54,56,30
14/06/2017,15,17,19,25,55,56,11
11/06/2017,13,20,41,43,44,52,14
07/06/2017,5,11,29,30,33,53,32
04/06/2017,4,20,33,35,43,53,45
31/05/2017,1,3,18,26,35,38,37
28/05/2017,12,16,20,35,38,56,30
24/05/2017,2,12,23,42,52,53,19
21/05/2017,1,19,24,26,49,56,22
17/05/2017,3,23,28,32,40,49,14
14/05/2017,6,10,38,42,47,51,1
10/05/2017,2,22,23,40,45,47,25
07/05/2017,5,8,10,35,36,49,14
03/05/2017,37,42,48,50,51,52,46
30/04/2017,3,4,10,24,48,54,2
26/04/2017,2,6,24,31,51,52,27
23/04/2017,2,9,12,13,23,33,5
19/04/2017,13,14,18,29,49,53,44
16/04/2017,6,18,20,37,39,51,17
12/04/2017,16,32,36,37,41,56,5
09/04/2017,10,13,16,23,36,50,14
05/04/2017,7,17,24,31,41,46,18
02/04/2017,8,25,29,40,44,55,46
29/03/2017,10,20,23,25,26,55,29
26/03/2017,8,10,11,12,26,39,45
22/03/2017,8,15,19,29,45,49,17
19/03/2017,4,6,11,19,27,40,24
15/03/2017,11,12,20,36,48,56,6
12/03/2017,27,30,33,34,42,44,50
08/03/2017,1,6,25,43,51,54,48
05/03/2017,1,11,13,40,52,55,7
01/03/2017,1,10,45,48,52,55,28
26/02/2017,18,28,34,36,40,52,21
22/02/2017,4,5,20,30,44,55,21
19/02/2017,19,24,30,37,41,46,33
15/02/2017,2,3,11,21,41,46,37
12/02/2017,16,21,24,29,47,52,9
08/02/2017,18,28,37,40,44,56,38
05/02/2017,1,8,30,37,42,54,4
01/02/2017,6,9,13,21,35,39,10
29/01/2017,5,19,26,42,51,54,8
25/01/2017,12,20,22,25,46,48,50
22/01/2017,10,13,33,43,52,56,12
18/01/2017,21,29,30,36,40,48,56
15/01/2017,1,9,31,36,48,55,49
11/01/2017,18,29,30,41,53,54,24
08/01/2017,15,16,40,42,50,51,1
04/01/2017,3,9,21,23,24,25,36
01/01/2017,42,43,45,49,51,56,6
28/12/2016,14,19,27,33,40,45,54
25/12/2016,10,15,16,20,33,47,37
21/12/2016,9,12,23,33,46,54,17
18/12/2016,9,21,24,28,34,56,11
14/12/2016,9,15,18,25,42,52,2
11/12/2016,2,13,25,26,33,35,32
07/12/2016,10,25,33,34,43,50,47
04/12/2016,2,9,21,27,40,43,44
30/11/2016,12,20,27,31,42,50,29
27/11/2016,6,7,14,22,44,45,38
23/11/2016,35,38,43,45,49,54,46
20/11/2016,2,7,35,40,45,55,12
16/11/2016,6,25,28,34,39,52,7
13/11/2016,2,8,14,22,48,52,26
09/11/2016,16,19,31,35,38,45,9
06/11/2016,2,19,20,21,33,45,30
02/11/2016,8,11,30,37,49,56,51
30/10/2016,10,13,31,47,50,55,40
26/10/2016,28,32,35,37,46,56,6
23/10/2016,2,10,13,29,35,48,8
19/10/2016,3,18,28,44,51,53,25
16/10/2016,11,16,19,25,28,50,6
12/10/2016,4,11,23,28,29,48,6
09/10/2016,4,8,18,25,32,38,55
05/10/2016,2,5,18,22,25,40,1
02/10/2016,8,17,19,26,33,37,41
28/09/2016,5,12,25,29,34,48,42
25/09/2016,1,5,15,26,40,46,14
21/09/2016,4,24,28,46,50,56,16
18/09/2016,21,27,44,47,52,54,16
14/09/2016,2,9,18,21,29,53,7
11/09/2016,7,15,38,39,42,52,9
07/09/2016,29,31,38,39,46,54,48
04/09/2016,16,32,37,39,48,55,17
31/08/2016,5,15,16,21,47,48,23
28/08/2016,3,15,32,38,40,53,24
24/08/2016,22,24,27,28,29,47,51
21/08/2016,27,34,40,45,52,54,3
17/08/2016,7,18,19,31,35,54,46
14/08/2016,10,11,18,33,43,48,40
10/08/2016,21,24,30,31,43,45,10
07/08/2016,18,19,25,30,33,35,43
03/08/2016,10,18,39,44,45,55,40
31/07/2016,7,13,19,33,44,48,53
27/07/2016,24,30,33,41,43,44,28
24/07/2016,3,12,22,33,39,49,40
20/07/2016,4,12,29,43,46,53,9
17/07/2016,5,10,14,15,36,56,53
13/07/2016,10,16,21,26,39,51,56
10/07/2016,2,16,24,25,30,45,51
06/07/2016,4,21,24,36,41,47,9
03/07/2016,11,23,43,47,48,54,49
29/06/2016,10,15,17,18,35,50,30
26/06/2016,15,24,25,29,46,54,21
22/06/2016,9,14,30,32,45,56,12
19/06/2016,2,15,25,30,39,50,31
15/06/2016,6,15,17,29,31,56,51
12/06/2016,5,8,15,43,44,52,56
08/06/2016,2,14,21,28,38,39,42
05/06/2016,9,16,19,24,32,53,47
01/06/2016,7,13,17,24,32,56,12
29/05/2016,8,21,22,31,33,56,19
25/05/2016,3,4,7,30,45,55,42
22/05/2016,1,9,29,32,45,47,17
18/05/2016,12,28,30,38,39,44,37
15/05/2016,5,6,14,15,35,48,55
11/05/2016,6,7,15,17,51,52,40
08/05/2016,4,21,23,33,52,55,29
04/05/2016,2,3,4,5,25,40,43
01/05/2016,2,21,23,31,36,52,34
27/04/2016,24,29,31,35,46,55,19
24/04/2016,22,26,41,42,44,54,34
20/04/2016,5,30,36,37,44,51,29
17/04/2016,3,4,15,19,22,38,42
13/04/2016,2,8,9,15,31,36,10
10/04/2016,3,12,14,29,32,44,53
06/04/2016,1,4,15,20,21,54,49
03/04/2016,37,40,45,50,51,54,23
30/03/2016,15,21,28,47,49,55,31
27/03/2016,1,6,19,31,49,54,55
23/03/2016,24,31,38,40,52,53,34
20/03/2016,21,27,34,44,55,56,53
16/03/2016,17,25,35,39,42,54,36
13/03/2016,11,17,22,34,36,46,3
09/03/2016,11,26,32,42,43,56,29
06/03/2016,1,12,13,16,45,48,5
02/03/2016,1,2,12,17,21,27,48
28/02/2016,5,6,8,38,50,51,44
24/02/2016,13,16,23,26,34,37,25
21/02/2016,3,5,19,20,27,54,1
17/02/2016,10,13,16,23,26,50,43
14/02/2016,6,27,31,42,45,52,9
10/02/2016,10,24,27,38,40,48,54
07/02/2016,18,24,47,48,50,56,8
03/02/2016,5,14,19,33,46,49,22
31/01/2016,13,18,20,29,40,56,23
27/01/2016,31,45,46,50,51,52,54
24/01/2016,7,11,14,45,47,54,12
20/01/2016,3,4,18,31,41,43,9
17/01/2016,14,35,42,43,49,50,31
13/01/2016,5,21,37,40,46,56,31
10/01/2016,14,17,18,39,43,53,1
06/01/2016,12,30,42,43,49,53,45
03/01/2016,1,9,12,16,24,47,46
30/12/2015,2,6,20,30,33,37,49
27/12/2015,3,6,18,32,46,54,25
23/12/2015,4,11,29,38,40,46,2
20/12/2015,9,14,18,28,40,45,50
16/12/2015,3,26,35,38,50,55,20
13/12/2015,11,20,29,32,37,40,56
09/12/2015,2,3,4,21,25,39,32
06/12/2015,1,12,19,21,40,44,17
02/12/2015,4,13,21,40,46,47,48
29/11/2015,1,7,33,35,48,52,44
25/11/2015,9,27,36,38,41,52,23
22/11/2015,4,12,16,18,46,52,31
18/11/2015,17,22,48,49,50,53,37
15/11/2015,3,10,12,18,33,46,31
11/11/2015,7,12,29,34,35,39,1
08/11/2015,3,12,16,25,32,35,22
04/11/2015,3,6,12,30,48,55,24
01/11/2015,8,17,20,28,29,55,3
28/10/2015,4,8,24,37,43,51,5
25/10/2015,4,7,21,25,48,49,1
21/10/2015,3,4,7,30,45,52,6
18/10/2015,5,13,23,33,44,56,53
14/10/2015,1,15,17,25,37,45,9
11/10/2015,5,15,28,37,46,49,8
07/10/2015,4,27,41,45,48,54,51
04/10/2015,3,15,20,36,40,56,35
30/09/2015,7,20,23,24,27,42,16
27/09/2015,5,16,25,27,35,45,42
23/09/2015,2,8,9,25,46,52,53
20/09/2015,2,13,18,20,21,52,46
16/09/2015,13,18,30,33,36,51,37
13/09/2015,10,18,25,33,38,49,1
09/09/2015,4,8,24,25,26,37,27
06/09/2015,9,10,15,41,46,49,43
02/09/2015,16,19,30,38,40,49,6
30/08/2015,12,13,16,26,30,49,45
26/08/2015,2,22,28,32,33,51,9
23/08/2015,1,3,5,24,42,46,26
19/08/2015,15,22,27,28,30,31,50
16/08/2015,8,16,17,26,31,37,12
12/08/2015,3,16,20,28,40,55,54
09/08/2015,13,14,23,35,37,40,28
05/08/2015,23,25,29,33,46,49,40
02/08/2015,5,13,19,29,30,56,21
29/07/2015,1,11,20,27,39,41,45
26/07/2015,2,16,30,35,51,53,17
22/07/2015,11,12,17,32,36,54,51
19/07/2015,1,15,26,30,49,52,10
15/07/2015,19,22,41,48,51,55,39
12/07/2015,12,16,30,32,37,49,5
08/07/2015,6,9,27,32,37,44,17
05/07/2015,1,5,10,17,34,40,9
01/07/2015,1,17,20,29,35,51,49
28/06/2015,3,16,28,30,40,54,32
24/06/2015,2,4,16,38,50,52,54
21/06/2015,3,6,23,25,34,35,15
17/06/2015,1,4,11,17,44,52,42
14/06/2015,4,10,12,22,32,51,29
10/06/2015,16,24,32,36,51,52,19
07/06/2015,14,33,42,45,51,55,50
03/06/2015,2,20,31,35,48,53,18
31/05/2015,1,10,11,33,37,47,16
27/05/2015,3,26,27,38,44,56,50
24/05/2015,7,8,23,34,47,52,37
20/05/2015,3,4,17,19,21,49,1
17/05/2015,7,23,25,29,33,50,28
13/05/2015,21,25,27,36,47,54,34
10/05/2015,11,12,18,40,53,56,43
06/05/2015,5,7,29,36,38,41,46
03/05/2015,9,14,22,35,37,47,46
29/04/2015,24,29,42,44,52,53,10
26/04/2015,10,28,33,37,46,52,23
22/04/2015,2,11,16,24,31,37,21
19/04/2015,6,15,20,24,37,51,16
15/04/2015,4,8,10,18,46,56,29
12/04/2015,7,18,23,31,35,36,32
08/04/2015,4,10,40,42,45,46,30
05/04/2015,5,6,14,15,31,46,32
01/04/2015,24,25,26,32,39,47,19
29/03/2015,3,7,17,38,39,50,51
25/03/2015,3,31,39,43,44,50,19
22/03/2015,22,33,40,41,42,48,23
18/03/2015,8,34,43,49,54,55,27
15/03/2015,9,18,28,29,41,50,32
11/03/2015,8,11,22,23,38,41,49
08/03/2015,11,17,19,24,43,49,15
04/03/2015,17,22,24,31,43,50,12
01/03/2015,4,5,25,35,48,53,22
25/02/2015,6,8,29,47,48,50,22
22/02/2015,4,25,31,44,49,56,21
18/02/2015,3,10,19,34,44,54,2
15/02/2015,8,9,11,20,22,40,48
11/02/2015,3,6,25,45,46,48,43
08/02/2015,3,6,11,24,31,51,47
04/02/2015,1,2,13,27,29,34,42
01/02/2015,6,17,27,32,34,40,20
28/01/2015,1,10,12,32,36,48,20
25/01/2015,24,27,40,41,54,55,26
21/01/2015,3,6,14,28,30,39,31
18/01/2015,5,12,22,41,44,47,26
14/01/2015,1,15,26,40,45,46,28
11/01/2015,4,15,18,30,38,49,53
07/01/2015,1,5,17,25,35,55,43
04/01/2015,9,14,35,46,49,55,11
31/12/2014,8,17,20,38,54,56,2
28/12/2014,8,17,19,36,37,41,55
24/12/2014,11,21,33,43,54,55,38
21/12/2014,12,22,36,43,46,52,35
17/12/2014,9,13,29,33,39,51,37
14/12/2014,6,16,21,32,43,56,9
10/12/2014,2,5,18,30,44,53,33
07/12/2014,12,31,37,44,52,55,25
03/12/2014,7,21,33,35,43,55,51
30/11/2014,3,6,22,38,40,56,12
26/11/2014,17,19,22,23,36,38,49
23/11/2014,9,17,22,26,49,56,1
19/11/2014,2,8,16,23,42,48,15
16/11/2014,28,30,32,34,42,43,46
12/11/2014,2,29,30,36,44,51,32
09/11/2014,6,30,34,46,50,52,32
05/11/2014,20,32,33,34,50,56,4
02/11/2014,10,17,20,31,50,51,3
29/10/2014,8,9,14,28,33,56,12
26/10/2014,11,12,17,29,30,34,38
22/10/2014,1,13,21,22,33,45,19
19/10/2014,3,10,14,28,48,56,27
15/10/2014,8,12,19,21,22,43,49
12/10/2014,11,22,25,29,37,55,41
08/10/2014,19,26,37,50,53,54,48
05/10/2014,8,15,35,37,41,48,26
01/10/2014,13,14,16,28,50,51,21
28/09/2014,8,14,20,42,43,55,44
24/09/2014,4,5,16,29,39,55,21
21/09/2014,2,17,39,48,53,56,15
17/09/2014,8,20,26,27,42,44,11
14/09/2014,7,8,20,37,39,45,48
10/09/2014,6,12,40,43,51,56,26
07/09/2014,8,13,18,22,40,54,41
03/09/2014,4,8,11,37,41,43,18
31/08/2014,33,35,47,52,53,56,3
27/08/2014,7,17,40,48,53,56,35
24/08/2014,3,6,40,41,47,48,49
20/08/2014,3,5,19,24,28,30,15
17/08/2014,4,15,16,30,44,50,43
13/08/2014,2,13,21,35,41,49,47
10/08/2014,3,29,30,38,42,50,44
06/08/2014,18,24,31,39,47,51,2
03/08/2014,1,3,16,19,20,28,23
30/07/2014,10,14,16,17,27,49,52
27/07/2014,1,5,6,8,30,46,17
23/07/2014,13,21,37,42,43,48,14
20/07/2014,1,3,12,22,35,55,44
16/07/2014,11,18,21,31,36,49,51
13/07/2014,5,8,26,32,37,39,23
09/07/2014,2,6,30,34,37,43,55
06/07/2014,12,25,31,36,46,54,9
02/07/2014,9,18,40,42,48,52,36
29/06/2014,5,26,30,34,37,56,23
25/06/2014,5,13,15,40,54,55,23
22/06/2014,14,18,50,51,52,56,5
18/06/2014,6,11,27,33,41,56,53
15/06/2014,5,7,44,51,53,54,28
11/06/2014,2,4,26,27,28,44,16
08/06/2014,4,15,16,34,44,56,2
04/06/2014,2,14,21,28,36,49,47
01/06/2014,10,23,29,45,53,56,54
28/05/2014,1,6,15,22,34,39,21
25/05/2014,14,33,41,43,52,56,38
21/05/2014,4,8,15,36,39,45,28
18/05/2014,4,11,12,40,45,51,55
14/05/2014,12,15,31,50,54,55,11
11/05/2014,12,20,33,46,50,51,54
07/05/2014,6,18,36,48,50,52,28
04/05/2014,5,6,33,34,46,55,38
30/04/2014,4,20,29,31,44,48,49
27/04/2014,11,18,31,35,39,42,34
23/04/2014,8,16,21,39,50,52,4
20/04/2014,15,17,19,22,31,53,10
16/04/2014,10,22,29,30,32,33,51
13/04/2014,6,19,23,25,28,42,47
09/04/2014,8,11,14,36,49,55,15
06/04/2014,2,14,27,42,46,50,21
02/04/2014,34,44,45,51,52,56,53
30/03/2014,7,11,26,38,39,56,14
26/03/2014,1,13,19,29,41,46,50
23/03/2014,1,9,12,19,31,34,21
19/03/2014,1,2,4,31,32,46,11
16/03/2014,10,26,40,44,50,54,6
12/03/2014,1,4,20,21,24,34,22
09/03/2014,28,31,32,44,51,52,20
05/03/2014,5,16,17,24,41,47,36
02/03/2014,4,6,20,21,45,55,38
26/02/2014,16,19,23,29,33,49,36
23/02/2014,7,24,27,39,45,52,12
19/02/2014,13,18,26,30,31,53,37
16/02/2014,2,7,10,27,34,54,32
12/02/2014,10,15,23,24,36,49,29
09/02/2014,3,6,19,28,48,52,13
05/02/2014,2,3,7,26,30,48,53
02/02/2014,5,7,8,23,26,55,50
29/01/2014,7,9,29,44,48,55,23
26/01/2014,5,16,30,31,38,52,35
22/01/2014,2,9,15,16,21,42,24
19/01/2014,7,14,23,26,43,49,12
15/01/2014,6,13,27,32,47,52,18
12/01/2014,13,15,19,33,49,53,26
08/01/2014,7,10,13,23,34,44,51
05/01/2014,1,5,28,48,49,55,22
01/01/2014,5,6,7,25,33,50,51
29/12/2013,24,30,40,41,55,56,3
25/12/2013,9,10,30,35,41,48,29
22/12/2013,5,13,20,32,36,56,25
18/12/2013,7,26,31,44,45,53,51
15/12/2013,8,16,18,46,52,55,22
11/12/2013,6,13,17,20,31,50,9
08/12/2013,4,5,22,28,31,37,30
04/12/2013,5,15,24,25,37,39,49
01/12/2013,2,7,12,35,51,54,13
27/11/2013,7,13,23,37,48,49,53
24/11/2013,10,29,32,42,43,47,8
20/11/2013,2,10,25,30,32,56,50
17/11/2013,4,5,30,43,45,51,29
13/11/2013,8,9,12,30,43,51,29
10/11/2013,4,9,20,25,28,37,29
06/11/2013,4,13,22,34,37,39,44
03/11/2013,4,19,24,39,49,55,36
30/10/2013,3,4,18,20,26,28,10
27/10/2013,8,9,23,37,48,53,11
23/10/2013,5,16,22,26,31,41,11
20/10/2013,9,23,26,28,37,54,20
16/10/2013,7,13,19,27,50,54,28
13/10/2013,1,21,23,30,46,47,5
09/10/2013,20,22,30,33,45,49,10
06/10/2013,16,36,37,52,55,56,47
02/10/2013,5,10,15,16,21,30,49
29/09/2013,12,32,34,45,46,51,26
25/09/2013,7,8,10,29,46,55,1
22/09/2013,10,21,33,44,50,53,5
18/09/2013,5,8,9,17,29,50,23
15/09/2013,6,8,20,23,39,47,40
11/09/2013,4,9,25,32,38,40,49
08/09/2013,10,14,16,31,33,46,15
04/09/2013,5,8,10,24,37,55,14
01/09/2013,4,11,21,31,42,43,7
28/08/2013,12,18,19,39,43,48,51
25/08/2013,6,22,26,30,35,55,47
21/08/2013,3,6,21,22,39,43,16
18/08/2013,4,6,14,17,34,39,24
14/08/2013,2,5,19,20,35,52,45
11/08/2013,2,15,17,25,33,43,28
07/08/2013,6,12,20,26,34,40,27
04/08/2013,14,22,26,28,43,54,49
31/07/2013,11,13,22,27,31,34,25
28/07/2013,4,5,19,40,45,50,52
24/07/2013,13,17,18,35,53,56,25
21/07/2013,8,20,32,43,51,53,55
17/07/2013,12,17,35,44,49,53,54
14/07/2013,2,14,26,31,37,48,41
10/07/2013,17,32,42,44,47,49,23
07/07/2013,13,25,31,44,47,49,40
03/07/2013,2,3,34,36,48,55,56
30/06/2013,12,25,30,35,43,45,21
26/06/2013,4,12,26,34,49,53,11
23/06/2013,22,23,28,35,51,52,4
19/06/2013,3,4,6,27,39,48,37
16/06/2013,16,26,30,32,42,43,36
12/06/2013,5,10,26,28,35,49,41
09/06/2013,13,22,24,33,44,49,39
05/06/2013,2,27,37,41,46,55,52
02/06/2013,3,5,14,24,48,53,44
29/05/2013,35,43,45,46,49,53,37
26/05/2013,2,3,5,28,41,49,13
22/05/2013,3,25,27,33,36,41,56
19/05/2013,23,25,35,43,47,56,31
15/05/2013,1,22,29,34,40,43,4
12/05/2013,5,20,35,46,50,53,51
08/05/2013,1,18,26,27,44,54,5
05/05/2013,16,17,25,39,49,55,12
01/05/2013,2,4,13,25,28,40,5
28/04/2013,11,21,35,38,41,45,12
24/04/2013,22,23,31,36,46,56,54
21/04/2013,1,2,9,17,35,56,36
17/04/2013,3,6,18,38,40,43,45
14/04/2013,3,22,24,33,38,39,56
10/04/2013,19,25,26,44,50,54,20
07/04/2013,2,7,8,22,26,54,55
03/04/2013,4,6,15,18,27,33,51
31/03/2013,17,21,22,26,41,53,3
27/03/2013,8,11,13,21,52,56,28
24/03/2013,3,23,27,34,38,47,4
20/03/2013,2,8,14,23,30,39,44
17/03/2013,24,43,46,47,48,52,21
13/03/2013,7,10,12,29,42,50,22
10/03/2013,7,14,17,19,42,52,3
06/03/2013,5,8,15,16,29,30,43
03/03/2013,26,28,36,38,47,49,22
27/02/2013,3,21,28,43,46,48,41
24/02/2013,4,7,18,24,48,49,28
20/02/2013,2,10,15,31,42,43,33
17/02/2013,3,18,27,35,42,54,22
13/02/2013,2,7,11,20,38,56,17
10/02/2013,5,8,17,32,52,56,29
06/02/2013,28,35,44,46,47,51,15
03/02/2013,2,6,15,24,36,54,8
30/01/2013,2,12,13,15,17,52,55
27/01/2013,4,13,18,36,38,49,51
23/01/2013,18,20,25,30,40,50,56
20/01/2013,11,19,21,22,42,47,45
16/01/2013,29,33,39,43,48,56,49
13/01/2013,13,19,33,43,47,53,4
09/01/2013,18,19,32,36,39,43,20
06/01/2013,3,21,29,33,51,55,43
02/01/2013,16,22,37,41,46,55,15
30/12/2012,2,7,20,25,30,39,47
26/12/2012,7,28,51,53,54,55,49
23/12/2012,16,27,39,47,49,53,37
19/12/2012,12,14,17,23,26,46,11
16/12/2012,24,35,43,46,49,53,40
12/12/2012,17,26,45,48,50,54,1
09/12/2012,12,21,31,38,40,51,46
05/12/2012,2,19,21,22,26,42,23
02/12/2012,9,14,30,41,43,54,20
28/11/2012,2,13,22,31,33,43,29
25/11/2012,12,18,33,41,45,56,8
21/11/2012,4,23,25,40,44,48,10
18/11/2012,10,26,32,35,54,56,38
14/11/2012,1,15,35,36,40,49,18
11/11/2012,1,5,15,20,43,45,39
07/11/2012,6,11,19,42,53,55,45
04/11/2012,1,13,20,29,32,48,17
31/10/2012,8,23,26,49,50,56,39
28/10/2012,10,20,26,50,55,56,35
24/10/2012,3,14,36,48,53,54,22
21/10/2012,1,16,18,20,39,48,7
17/10/2012,2,10,18,19,26,53,33
14/10/2012,16,21,30,32,33,47,40
10/10/2012,7,9,18,25,26,46,44
07/10/2012,5,15,24,29,37,53,51
03/10/2012,5,14,18,23,34,39,26
30/09/2012,5,8,26,34,53,54,52
26/09/2012,2,7,14,24,42,52,27
23/09/2012,7,9,23,25,29,33,34
19/09/2012,10,11,16,18,33,47,41
16/09/2012,11,14,23,28,44,49,10
12/09/2012,2,17,18,21,27,54,52
09/09/2012,10,17,28,33,48,53,3
05/09/2012,12,13,29,32,33,35,37
02/09/2012,2,13,22,31,41,51,43
29/08/2012,10,20,28,33,34,47,48
26/08/2012,24,26,40,45,49,54,8
22/08/2012,16,20,22,32,38,52,50
19/08/2012,2,20,22,35,41,42,45
15/08/2012,8,10,25,27,36,56,7
12/08/2012,3,21,23,27,41,49,53
08/08/2012,7,10,16,30,40,44,38
05/08/2012,14,26,33,35,39,49,25
01/08/2012,2,26,45,50,51,56,53
29/07/2012,1,5,17,21,27,37,39
25/07/2012,11,19,23,46,55,56,43
22/07/2012,18,21,39,41,44,45,10
18/07/2012,7,11,21,32,37,53,31
15/07/2012,1,19,29,46,47,55,5
11/07/2012,3,7,13,20,44,46,2
08/07/2012,5,7,9,23,36,56,4
04/07/2012,4,22,35,37,46,50,36
01/07/2012,15,17,38,46,48,54,49
27/06/2012,9,12,42,47,51,56,22
24/06/2012,1,4,14,26,42,54,39
20/06/2012,3,8,32,46,49,51,26
17/06/2012,11,12,20,25,52,54,30
13/06/2012,14,26,29,38,41,49,12
10/06/2012,8,28,29,40,44,51,22
06/06/2012,6,7,12,22,39,52,49
03/06/2012,8,11,14,35,44,56,36
30/05/2012,20,24,40,43,48,55,41
27/05/2012,2,13,38,43,53,54,21
23/05/2012,5,21,32,33,40,52,2
20/05/2012,15,39,41,42,49,54,13
16/05/2012,4,5,7,10,30,54,46
13/05/2012,4,18,19,30,45,56,51
09/05/2012,9,16,21,31,39,53,43
06/05/2012,3,14,21,23,48,56,54
02/05/2012,9,20,24,26,36,38,25
29/04/2012,2,13,40,42,45,53,27
25/04/2012,1,5,13,22,30,55,47
22/04/2012,2,9,12,19,21,52,55
18/04/2012,31,35,43,45,47,53,41
15/04/2012,4,18,45,46,48,50,53
11/04/2012,18,21,26,35,36,50,44
08/04/2012,3,18,21,42,43,48,22
04/04/2012,6,12,13,26,35,40,22
01/04/2012,9,12,18,23,24,38,19
28/03/2012,9,13,16,22,34,51,17
25/03/2012,15,22,26,27,36,46,25
21/03/2012,9,23,28,34,43,53,19
18/03/2012,1,2,19,21,34,37,45
14/03/2012,2,26,27,36,39,43,29
11/03/2012,4,17,30,45,49,54,40
07/03/2012,2,8,21,32,49,53,50
04/03/2012,7,11,19,32,37,38,14
29/02/2012,1,12,13,27,44,50,46
26/02/2012,5,7,15,18,34,43,11
22/02/2012,20,22,23,34,42,51,33
19/02/2012,5,9,11,37,42,48,10
15/02/2012,6,19,29,39,42,48,51
12/02/2012,11,12,17,35,36,50,51
08/02/2012,1,5,14,33,47,51,12
05/02/2012,4,15,27,41,51,55,45
01/02/2012,15,28,29,31,36,41,35
29/01/2012,1,21,22,25,31,49,20
25/01/2012,4,8,21,26,27,51,38
22/01/2012,6,12,15,24,25,49,42
18/01/2012,12,23,29,32,36,48,53
15/01/2012,3,4,16,33,39,40,54
11/01/2012,3,4,14,24,32,40,28
08/01/2012,14,19,32,42,47,48,5
04/01/2012,9,17,21,41,47,51,31
01/01/2012,12,18,41,46,51,54,4
28/12/2011,5,7,18,19,40,55,39
25/12/2011,3,8,23,39,46,51,22
21/12/2011,7,14,25,26,29,47,23
18/12/2011,14,20,26,39,40,56,17
14/12/2011,13,30,38,40,43,49,9
11/12/2011,1,2,7,13,15,46,5
07/12/2011,1,16,49,53,54,55,27
04/12/2011,7,19,24,25,29,33,48
30/11/2011,2,12,28,41,44,45,49
27/11/2011,13,33,37,39,40,51,9
23/11/2011,1,3,20,34,49,55,53
20/11/2011,4,9,11,20,24,28,33
16/11/2011,9,12,44,50,52,53,47
13/11/2011,1,4,12,16,30,31,11
09/11/2011,6,34,40,49,52,53,12
06/11/2011,3,8,18,22,23,42,53
02/11/2011,2,9,16,26,50,56,11
30/10/2011,10,16,21,24,28,42,47
26/10/2011,8,11,12,15,43,48,29
23/10/2011,8,14,22,31,46,56,42
19/10/2011,3,7,36,50,52,56,40
16/10/2011,9,14,17,19,41,44,26
12/10/2011,5,12,15,25,26,27,44
09/10/2011,10,15,18,19,37,55,1
05/10/2011,5,10,20,21,32,44,6
02/10/2011,4,8,26,28,41,55,10
28/09/2011,4,13,31,40,49,51,52
25/09/2011,4,9,11,14,42,52,2
21/09/2011,12,16,22,46,52,55,49
18/09/2011,7,21,32,33,46,55,13
14/09/2011,9,13,28,34,36,48,43
11/09/2011,5,38,43,47,54,56,45
07/09/2011,14,20,39,43,45,52,40
04/09/2011,9,21,26,33,45,48,52
31/08/2011,16,33,34,44,46,47,45
28/08/2011,18,19,36,47,50,51,53
24/08/2011,14,20,36,37,44,51,1
21/08/2011,5,8,25,40,42,49,9
17/08/2011,4,5,12,14,44,53,28
14/08/2011,23,31,37,50,51,53,30
10/08/2011,13,20,22,23,33,48,7
07/08/2011,5,33,49,50,53,54,44
03/08/2011,5,21,22,36,37,47,39
31/07/2011,3,10,11,38,49,52,48
27/07/2011,1,32,43,44,52,55,22
24/07/2011,5,10,11,29,41,55,30
20/07/2011,3,7,21,24,31,49,35
17/07/2011,9,16,27,29,43,44,36
13/07/2011,24,35,42,45,48,52,51
10/07/2011,9,15,21,27,42,51,23
06/07/2011,1,14,20,39,43,54,29
03/07/2011,5,6,9,46,54,56,38
29/06/2011,1,31,40,45,46,55,2
26/06/2011,4,20,44,45,50,56,15
22/06/2011,9,28,30,35,42,48,56
19/06/2011,20,31,36,39,54,56,48
15/06/2011,6,7,12,32,45,49,44
12/06/2011,10,20,26,46,49,55,19
08/06/2011,8,16,18,26,29,35,36
05/06/2011,4,12,17,18,20,36,2
01/06/2011,20,24,28,49,51,53,48
29/05/2011,4,5,17,19,42,48,2
25/05/2011,2,19,23,34,38,40,28
22/05/2011,4,7,9,11,22,48,32
18/05/2011,30,35,38,41,44,51,56
15/05/2011,17,29,40,41,47,53,25
11/05/2011,8,14,20,37,45,53,51
08/05/2011,1,2,7,30,41,55,49
04/05/2011,9,29,49,50,52,56,37
01/05/2011,21,30,36,41,42,50,32
27/04/2011,4,7,12,17,42,45,23
24/04/2011,13,14,25,38,41,50,26
20/04/2011,1,5,10,13,18,39,51
17/04/2011,1,18,24,32,38,56,46
13/04/2011,4,10,13,25,26,39,33
10/04/2011,5,6,7,18,20,25,39
06/04/2011,1,12,18,20,38,41,49
03/04/2011,13,20,38,49,52,56,7
30/03/2011,1,4,32,35,39,55,45
27/03/2011,9,10,29,37,39,56,11
23/03/2011,2,22,25,35,43,47,49
20/03/2011,16,19,29,36,37,45,3
16/03/2011,12,22,23,31,45,47,4
13/03/2011,5,12,19,21,51,54,43
09/03/2011,2,14,17,28,30,54,16
06/03/2011,12,14,16,17,22,33,20
02/03/2011,2,4,12,13,27,32,30
27/02/2011,1,8,15,18,34,52,16
23/02/2011,1,8,11,16,20,52,23
20/02/2011,17,21,24,35,42,51,1
16/02/2011,20,23,36,41,51,55,11
13/02/2011,10,11,14,32,35,49,8
09/02/2011,9,22,28,52,55,56,54
06/02/2011,3,6,9,23,28,52,44
02/02/2011,12,15,39,54,55,56,32
30/01/2011,15,21,27,37,44,49,55
26/01/2011,13,37,52,54,55,56,6
23/01/2011,12,25,45,50,55,56,44
19/01/2011,5,27,32,35,38,56,18
16/01/2011,1,26,27,28,45,54,35
12/01/2011,3,5,6,14,19,45,34
09/01/2011,5,28,32,42,52,54,49
05/01/2011,6,12,15,28,30,46,26
02/01/2011,19,21,32,40,50,51,36
29/12/2010,13,17,25,32,45,48,56
26/12/2010,10,23,24,28,33,55,46
22/12/2010,1,21,35,37,47,49,48
19/12/2010,7,17,23,37,43,53,24
15/12/2010,12,17,19,24,31,35,11
12/12/2010,3,11,20,25,46,53,17
08/12/2010,6,15,30,31,38,44,54
05/12/2010,5,6,14,19,25,43,37
01/12/2010,15,18,20,21,29,32,14
28/11/2010,9,14,17,33,41,42,4
24/11/2010,4,5,8,35,38,45,2
21/11/2010,16,19,20,22,26,47,4
17/11/2010,12,22,29,37,39,51,20
14/11/2010,3,10,16,41,50,54,27
10/11/2010,8,11,26,38,44,45,32
07/11/2010,11,16,20,25,41,47,28
03/11/2010,1,21,27,28,32,55,26
31/10/2010,11,25,30,44,48,49,50
27/10/2010,6,7,15,22,45,54,24
24/10/2010,6,20,25,39,44,56,40
20/10/2010,5,17,23,30,41,47,54
17/10/2010,13,20,35,40,41,43,56
13/10/2010,2,6,15,16,28,29,31
10/10/2010,6,17,19,21,25,40,28
06/10/2010,10,12,24,29,31,36,56
03/10/2010,13,39,44,45,46,52,32
29/09/2010,10,16,21,23,44,49,39
26/09/2010,1,5,12,16,20,39,32
22/09/2010,2,4,13,41,46,55,30
19/09/2010,14,20,24,28,30,34,3
15/09/2010,3,23,25,32,35,45,37
12/09/2010,2,4,14,15,45,47,34
08/09/2010,8,14,20,24,35,36,56
05/09/2010,8,12,32,33,42,48,54
01/09/2010,4,12,29,38,45,46,5
29/08/2010,6,11,22,40,46,50,20
25/08/2010,2,16,36,52,53,55,28
22/08/2010,3,21,23,24,30,55,44
18/08/2010,22,25,37,40,41,45,51
15/08/2010,8,16,29,41,45,55,44
11/08/2010,15,18,27,42,50,51,41
08/08/2010,1,10,14,27,44,56,49
04/08/2010,3,18,32,44,45,48,9
01/08/2010,6,7,18,34,42,52,43
28/07/2010,15,31,40,53,55,56,37
25/07/2010,22,26,38,52,55,56,53
21/07/2010,2,19,27,34,42,56,51
18/07/2010,3,17,34,42,50,56,18
14/07/2010,11,13,22,39,54,55,49
11/07/2010,10,11,33,35,38,46,9
07/07/2010,7,10,15,33,42,55,5
04/07/2010,11,20,28,36,52,56,55
30/06/2010,3,15,19,26,30,43,41
27/06/2010,1,23,27,35,47,49,34
23/06/2010,12,19,23,31,43,52,44
20/06/2010,5,10,30,35,36,38,52
16/06/2010,3,5,10,12,18,33,36
13/06/2010,8,9,20,38,42,53,50
09/06/2010,6,16,50,52,54,56,20
06/06/2010,2,4,23,36,52,55,26
02/06/2010,3,28,29,33,49,51,47
30/05/2010,18,22,27,34,49,56,39
26/05/2010,6,12,17,30,36,39,24
23/05/2010,19,25,36,37,41,50,47
19/05/2010,5,6,8,25,26,36,46
16/05/2010,1,3,25,26,42,53,18
12/05/2010,16,19,21,33,40,44,36
09/05/2010,5,7,47,48,49,54,52
05/05/2010,2,19,26,41,42,51,5
02/05/2010,2,27,36,47,50,56,11
28/04/2010,16,24,37,39,40,42,34
25/04/2010,4,15,29,39,42,44,9
21/04/2010,4,13,20,22,29,48,45
18/04/2010,9,19,22,38,41,48,2
14/04/2010,21,22,27,38,49,56,34
11/04/2010,3,4,13,14,23,27,30
07/04/2010,9,19,20,26,39,47,12
04/04/2010,8,20,23,36,40,52,28
31/03/2010,1,11,21,28,44,48,27
28/03/2010,1,16,22,48,54,56,25
24/03/2010,11,12,17,47,54,55,2
21/03/2010,5,7,16,39,47,55,33
17/03/2010,2,26,27,47,52,56,11
14/03/2010,5,17,24,28,29,32,31
10/03/2010,16,26,27,32,45,46,40
07/03/2010,7,14,24,34,44,51,38
03/03/2010,12,22,24,34,49,56,52
28/02/2010,2,7,27,29,30,50,23
24/02/2010,6,9,27,43,44,55,28
21/02/2010,23,29,32,40,47,52,17
17/02/2010,2,8,17,19,33,35,34
14/02/2010,3,6,20,26,34,56,16
10/02/2010,5,7,13,30,41,52,27
07/02/2010,6,11,17,24,39,46,40
03/02/2010,9,15,36,49,51,55,45
31/01/2010,14,16,22,23,41,54,44
27/01/2010,9,16,25,36,49,56,45
24/01/2010,19,22,35,39,46,53,54
20/01/2010,12,22,28,34,35,44,8
17/01/2010,13,24,26,36,47,48,15
13/01/2010,7,15,41,45,48,55,33
10/01/2010,16,32,33,36,37,38,19
06/01/2010,1,9,11,23,32,51,38
03/01/2010,5,15,16,23,39,52,33
30/12/2009,3,8,24,25,37,43,14
27/12/2009,1,10,11,20,40,51,34
23/12/2009,5,12,27,34,39,44,16
20/12/2009,8,12,33,38,40,44,19
16/12/2009,5,8,14,17,30,47,54
13/12/2009,17,24,31,34,38,40,8
09/12/2009,2,3,11,20,35,53,25
06/12/2009,7,10,19,30,34,56,54
02/12/2009,2,12,21,28,33,54,43
29/11/2009,13,24,29,32,37,39,28
25/11/2009,5,10,22,25,42,50,29
22/11/2009,3,15,34,43,48,54,6
18/11/2009,3,7,8,12,45,48,34
15/11/2009,14,26,36,42,46,51,28
11/11/2009,9,15,19,33,43,51,45
08/11/2009,4,12,34,43,49,53,18
04/11/2009,3,14,19,26,30,40,51
01/11/2009,14,15,30,43,50,56,28
28/10/2009,11,16,44,45,54,55,6
25/10/2009,4,10,12,14,36,53,7
21/10/2009,11,19,29,39,43,45,21
18/10/2009,1,5,8,16,21,54,53
14/10/2009,7,8,9,14,21,37,11
11/10/2009,1,6,23,27,42,54,14
07/10/2009,6,10,17,21,45,54,42
04/10/2009,7,15,28,34,39,48,18
30/09/2009,18,27,40,42,53,54,39
27/09/2009,14,24,27,28,38,54,23
23/09/2009,8,13,27,41,52,55,33
20/09/2009,10,25,27,29,43,56,4
16/09/2009,4,14,25,34,36,55,49
13/09/2009,3,10,21,25,31,48,26
09/09/2009,15,16,18,28,48,51,21
06/09/2009,4,7,18,31,47,52,42
02/09/2009,5,9,14,34,47,53,54
30/08/2009,15,20,29,42,47,52,51
26/08/2009,3,5,23,38,55,56,28
23/08/2009,4,16,36,40,41,43,17
19/08/2009,2,9,11,32,40,49,13
16/08/2009,21,27,31,48,49,55,35
12/08/2009,35,44,45,50,55,56,30
09/08/2009,23,30,33,41,43,56,4
05/08/2009,21,23,37,47,51,56,32
02/08/2009,17,31,33,52,54,55,15
29/07/2009,13,31,37,40,43,51,30
26/07/2009,3,17,24,25,34,39,18
22/07/2009,1,8,30,45,48,52,11
19/07/2009,6,12,33,43,48,53,47
15/07/2009,6,16,22,42,44,46,26
12/07/2009,7,10,15,36,42,53,32
08/07/2009,11,15,30,41,45,50,6
05/07/2009,18,21,32,34,48,53,45
01/07/2009,8,17,21,25,35,39,28
28/06/2009,19,21,48,50,51,56,35
24/06/2009,16,17,20,22,24,44,15
21/06/2009,6,10,21,28,37,55,29
17/06/2009,1,8,14,31,32,38,35
14/06/2009,3,11,17,33,42,55,48
10/06/2009,10,12,18,42,43,48,53
07/06/2009,2,12,23,33,46,55,42
03/06/2009,10,13,22,42,43,49,9
31/05/2009,2,16,30,33,47,48,19
27/05/2009,5,12,13,37,47,56,19
24/05/2009,6,10,12,29,38,50,30
20/05/2009,13,14,16,23,25,49,47
17/05/2009,2,13,14,19,42,51,47
13/05/2009,3,9,11,30,41,47,22
10/05/2009,9,17,21,35,43,52,49
06/05/2009,5,38,39,42,50,53,9
03/05/2009,13,16,18,43,46,49,14
29/04/2009,9,13,26,35,42,53,40
26/04/2009,17,18,25,27,38,48,26
22/04/2009,15,16,17,21,31,39,44
19/04/2009,5,13,25,26,41,46,18
15/04/2009,3,11,18,34,42,43,52
12/04/2009,2,27,29,33,44,48,51
08/04/2009,4,9,19,20,36,52,13
05/04/2009,3,6,13,32,35,54,53
01/04/2009,13,20,28,40,48,50,3
29/03/2009,12,24,28,30,44,46,40
25/03/2009,8,11,12,21,37,39,6
22/03/2009,25,35,46,49,50,56,28
18/03/2009,1,9,11,27,43,55,5
15/03/2009,3,14,15,19,47,48,13
11/03/2009,9,13,19,25,40,51,26
08/03/2009,9,13,36,37,51,55,4
04/03/2009,16,26,44,46,52,56,45
01/03/2009,10,19,26,45,50,51,21
25/02/2009,29,33,34,41,52,54,48
22/02/2009,5,16,25,35,42,47,19
18/02/2009,7,20,21,35,45,47,24
15/02/2009,6,19,21,25,30,47,16
11/02/2009,2,23,43,46,49,52,40
08/02/2009,1,5,8,28,40,50,54
04/02/2009,9,21,22,24,37,38,10
01/02/2009,9,15,16,39,41,48,26
28/01/2009,13,16,20,25,28,38,48
25/01/2009,4,19,23,24,30,39,33
21/01/2009,8,17,22,36,39,41,50
18/01/2009,2,25,42,44,47,49,24
14/01/2009,10,14,41,42,47,55,56
11/01/2009,13,14,19,36,37,47,33
07/01/2009,13,14,23,24,34,53,21
04/01/2009,7,12,26,27,40,44,52
31/12/2008,14,19,48,51,52,55,34
28/12/2008,10,19,32,34,44,53,5
24/12/2008,6,15,38,40,52,56,49
21/12/2008,3,19,37,46,51,53,11
17/12/2008,3,12,16,23,47,51,37
14/12/2008,1,2,28,34,46,51,47
10/12/2008,6,29,44,46,47,51,38
07/12/2008,8,23,27,32,38,46,24
03/12/2008,1,8,9,12,28,36,53
30/11/2008,2,10,14,29,41,49,38
26/11/2008,11,12,13,14,17,46,34
23/11/2008,4,17,35,44,46,47,27
19/11/2008,10,39,42,45,50,56,26
16/11/2008,14,25,26,27,49,52,41
12/11/2008,7,8,18,27,33,52,34
09/11/2008,1,3,4,33,43,55,24
05/11/2008,9,14,25,35,45,52,48
02/11/2008,25,36,45,47,49,52,18
29/10/2008,7,18,19,31,41,52,48
26/10/2008,1,12,21,22,37,52,6
22/10/2008,8,16,19,27,31,43,28
19/10/2008,7,8,15,20,28,40,17
15/10/2008,1,2,9,37,38,45,10
12/10/2008,4,12,20,24,26,30,29
08/10/2008,7,19,33,37,38,50,40
05/10/2008,1,13,18,37,39,55,11
01/10/2008,7,15,19,26,46,49,48
28/09/2008,15,16,27,28,36,52,2
24/09/2008,12,14,26,27,30,49,32
21/09/2008,2,6,29,38,47,54,48
17/09/2008,2,4,13,17,26,29,44
14/09/2008,5,7,25,34,41,46,39
10/09/2008,5,8,18,30,32,33,7
07/09/2008,4,12,16,18,19,55,50
03/09/2008,3,15,17,23,38,49,44
31/08/2008,8,19,24,30,33,47,28
27/08/2008,4,8,9,10,34,41,53
24/08/2008,14,16,25,29,51,54,45
20/08/2008,1,6,20,21,26,41,38
17/08/2008,15,17,31,40,45,49,46
13/08/2008,11,16,34,38,48,50,27
10/08/2008,10,15,23,33,44,53,51
06/08/2008,24,29,31,42,43,55,51
03/08/2008,10,36,46,47,51,53,3
30/07/2008,6,10,14,22,32,54,43
27/07/2008,1,4,21,33,39,53,44
23/07/2008,1,3,18,21,25,29,36
20/07/2008,6,11,14,24,32,44,21
16/07/2008,4,36,38,43,45,55,52
13/07/2008,8,15,28,30,31,45,38
09/07/2008,2,8,14,16,19,22,43
06/07/2008,8,14,37,39,41,49,26
02/07/2008,5,8,11,12,48,56,10
29/06/2008,4,17,34,47,48,51,31
25/06/2008,4,7,15,19,43,52,40
22/06/2008,14,19,21,30,46,52,24
18/06/2008,5,14,20,29,34,54,55
15/06/2008,3,5,22,34,40,47,16
11/06/2008,10,13,16,27,29,32,24
08/06/2008,11,19,25,44,50,53,32
04/06/2008,3,4,12,13,19,28,10
01/06/2008,7,29,33,37,52,55,10
28/05/2008,26,29,34,35,39,50,32
25/05/2008,12,21,31,35,46,55,5
21/05/2008,3,23,26,41,47,50,48
18/05/2008,10,11,12,29,47,50,54
14/05/2008,15,16,25,29,47,52,53
11/05/2008,3,27,33,34,36,42,22
07/05/2008,16,19,22,24,29,51,38
04/05/2008,3,8,12,17,23,32,56
30/04/2008,2,13,27,33,35,36,19
27/04/2008,8,12,15,17,43,50,52
23/04/2008,9,13,24,32,39,55,37
20/04/2008,5,20,22,25,42,56,15
16/04/2008,9,13,17,25,37,43,1
13/04/2008,5,19,23,27,36,51,39
09/04/2008,10,13,25,35,37,41,42
06/04/2008,12,18,45,49,50,53,9
02/04/2008,24,35,37,47,54,55,30
30/03/2008,2,6,13,35,43,52,16
26/03/2008,12,21,22,26,41,50,40
23/03/2008,30,32,33,40,41,52,3
19/03/2008,9,17,28,36,45,51,43
16/03/2008,23,27,29,32,37,48,13
12/03/2008,7,9,10,38,41,56,37
09/03/2008,3,23,25,26,33,34,4
05/03/2008,5,15,21,28,43,50,40
02/03/2008,7,17,32,33,34,51,38
27/02/2008,8,18,24,31,39,43,37
24/02/2008,6,10,12,35,39,53,55
20/02/2008,2,9,13,37,46,52,26
17/02/2008,22,26,43,49,53,55,48
13/02/2008,5,6,19,38,42,44,29
10/02/2008,1,3,27,37,44,52,14
06/02/2008,24,28,35,40,42,50,25
03/02/2008,9,13,34,46,54,56,35
30/01/2008,4,6,13,20,21,47,53
27/01/2008,2,3,32,40,43,47,11
23/01/2008,19,27,29,35,37,44,24
20/01/2008,11,28,29,31,49,54,19
16/01/2008,8,16,24,42,46,50,28
13/01/2008,6,27,37,41,50,53,18
09/01/2008,9,37,38,42,50,56,6
06/01/2008,1,5,10,13,31,54,46
02/01/2008,10,19,20,23,31,44,38
30/12/2007,15,17,38,41,46,54,21
26/12/2007,4,9,27,31,33,40,45
23/12/2007,9,10,24,32,35,55,34
19/12/2007,7,8,26,27,53,56,20
16/12/2007,17,18,19,24,37,53,50
12/12/2007,10,17,21,50,54,56,37
09/12/2007,6,24,31,36,43,51,21
05/12/2007,2,13,19,37,38,47,20
02/12/2007,1,4,19,25,32,50,44
28/11/2007,15,18,31,34,41,47,36
25/11/2007,16,32,33,36,43,45,5
21/11/2007,5,10,13,26,29,41,24
18/11/2007,7,14,15,35,39,51,2
14/11/2007,35,36,39,41,42,50,11
11/11/2007,3,7,28,29,43,51,23
07/11/2007,1,6,11,13,18,43,50
04/11/2007,4,13,28,42,46,49,8
31/10/2007,13,15,27,32,36,46,11
28/10/2007,8,17,29,37,45,46,16
24/10/2007,21,22,31,36,37,43,19
21/10/2007,16,18,24,32,33,42,43
17/10/2007,3,11,12,18,29,39,31
14/10/2007,12,16,19,24,32,50,13
10/10/2007,22,23,24,34,38,46,27
07/10/2007,1,2,3,6,32,39,7
03/10/2007,2,3,28,32,36,42,14
30/09/2007,15,28,39,40,43,46,49
26/09/2007,10,11,14,17,22,51,47
23/09/2007,1,3,8,11,22,40,33
19/09/2007,5,11,17,23,30,36,29
16/09/2007,26,28,29,32,45,49,48
12/09/2007,4,6,19,20,30,37,14
09/09/2007,4,19,25,39,42,46,45
05/09/2007,12,16,21,31,39,45,30
02/09/2007,3,8,17,27,33,36,32
29/08/2007,16,21,27,29,36,49,6
26/08/2007,2,22,29,33,34,36,39
22/08/2007,3,5,12,33,37,45,41
19/08/2007,11,17,24,38,46,50,36
15/08/2007,2,11,22,28,41,48,12
12/08/2007,7,8,29,42,47,48,3
08/08/2007,5,9,13,28,34,39,18
05/08/2007,1,4,7,29,31,49,30
01/08/2007,5,10,18,30,32,47,40
29/07/2007,14,16,21,31,42,46,36
25/07/2007,15,22,24,32,33,44,40
22/07/2007,1,14,29,42,44,45,28
18/07/2007,3,13,16,17,47,50,11
15/07/2007,6,7,24,32,39,47,3
11/07/2007,4,13,19,26,31,37,39
08/07/2007,1,10,13,22,34,44,21
04/07/2007,1,7,19,27,36,45,15
01/07/2007,2,3,16,27,29,39,32
27/06/2007,9,20,33,39,41,48,37
24/06/2007,5,6,13,18,27,48,12
20/06/2007,1,2,8,17,29,48,11
17/06/2007,4,7,32,35,36,43,24
13/06/2007,6,8,26,37,39,46,16
10/06/2007,4,5,11,26,27,48,30
06/06/2007,11,23,26,35,39,41,15
03/06/2007,13,20,22,28,37,38,33
30/05/2007,1,32,36,38,45,47,17
27/05/2007,7,19,26,29,32,49,43
23/05/2007,3,6,23,32,50,51,39
20/05/2007,2,18,28,35,39,45,50
16/05/2007,4,6,31,32,47,51,41
13/05/2007,23,33,36,38,47,51,3
09/05/2007,8,11,18,25,31,51,32
06/05/2007,19,20,22,28,48,49,47
02/05/2007,6,14,15,21,29,46,18
29/04/2007,7,8,19,20,36,40,22
25/04/2007,2,30,38,39,40,49,47
22/04/2007,6,11,19,27,30,43,13
18/04/2007,11,15,34,38,40,44,10
15/04/2007,4,7,14,25,27,33,24
11/04/2007,2,16,20,25,33,50,44
08/04/2007,7,24,26,38,41,47,21
04/04/2007,20,22,32,45,46,48,36
01/04/2007,7,19,20,36,38,41,48
28/03/2007,1,9,24,25,34,49,40
25/03/2007,13,15,18,25,35,45,20
21/03/2007,11,14,27,42,48,49,9
18/03/2007,11,15,31,39,44,46,29
14/03/2007,1,3,4,8,35,47,22
11/03/2007,1,11,17,43,48,51,26
07/03/2007,2,5,42,45,46,48,9
04/03/2007,16,18,30,31,38,44,29
28/02/2007,6,20,28,30,40,41,42
25/02/2007,11,12,32,38,41,44,26
21/02/2007,3,7,19,20,26,43,37
18/02/2007,6,8,10,17,20,31,42
14/02/2007,3,4,8,13,45,49,1
11/02/2007,10,19,44,46,49,50,18
07/02/2007,3,11,35,39,44,51,34
04/02/2007,4,5,11,19,44,50,3
31/01/2007,5,6,29,42,47,50,20
28/01/2007,2,4,5,22,25,46,16
24/01/2007,7,8,9,18,30,43,24
21/01/2007,4,14,20,22,31,51,21
17/01/2007,1,6,15,18,19,30,41
14/01/2007,11,12,19,38,40,46,5
10/01/2007,5,12,14,32,33,45,9
07/01/2007,9,17,25,29,38,47,30
03/01/2007,9,19,21,22,47,48,44
31/12/2006,3,23,40,41,49,50,4
27/12/2006,2,6,18,32,33,36,9
24/12/2006,2,4,15,29,49,51,16
20/12/2006,1,6,7,34,35,50,39
17/12/2006,1,11,28,35,40,48,47
13/12/2006,8,16,17,18,30,50,4
10/12/2006,8,13,25,28,44,45,4
06/12/2006,16,18,34,41,48,49,10
03/12/2006,4,10,12,24,37,48,18
29/11/2006,8,25,29,31,47,48,41
26/11/2006,12,13,15,24,32,51,41
22/11/2006,11,12,19,34,45,47,40
19/11/2006,5,6,11,33,49,51,41
15/11/2006,12,14,22,39,41,45,40
12/11/2006,6,16,20,28,29,48,47
08/11/2006,3,26,28,34,38,42,27
05/11/2006,9,16,19,29,31,35,32
01/11/2006,2,4,8,32,39,40,27
29/10/2006,13,31,40,43,46,47,32
25/10/2006,15,21,31,33,35,39,22
22/10/2006,3,8,11,18,28,35,44
18/10/2006,10,11,13,45,47,49,5
15/10/2006,13,27,31,36,41,50,28
11/10/2006,1,7,27,41,45,49,14
08/10/2006,4,16,35,40,43,50,45
04/10/2006,1,3,17,31,38,42,36
01/10/2006,1,7,24,28,39,47,41
27/09/2006,2,7,16,32,44,49,39
24/09/2006,1,10,18,32,33,40,16
20/09/2006,4,13,31,35,37,47,21
17/09/2006,28,30,32,33,40,46,34
13/09/2006,19,24,32,36,48,51,49
10/09/2006,8,13,18,30,44,50,6
06/09/2006,2,4,13,20,22,51,33
03/09/2006,7,8,17,23,38,47,51
30/08/2006,1,6,8,20,24,44,45
27/08/2006,4,5,21,22,29,49,46
23/08/2006,12,18,22,29,30,38,2
20/08/2006,11,16,19,22,25,47,41
16/08/2006,24,26,35,42,47,51,8
13/08/2006,12,30,34,41,49,50,31
09/08/2006,9,11,22,28,35,47,44
06/08/2006,4,11,13,33,34,47,10
02/08/2006,16,18,20,34,41,50,8
30/07/2006,14,19,20,21,41,45,3
26/07/2006,31,32,35,36,39,41,47
23/07/2006,17,31,32,39,41,47,29
19/07/2006,6,17,23,25,38,40,45
16/07/2006,4,5,14,17,28,45,2
12/07/2006,1,7,12,18,23,46,33
09/07/2006,5,15,22,23,43,49,10
05/07/2006,2,12,19,20,23,50,13
02/07/2006,7,13,17,32,42,49,6
28/06/2006,3,12,13,47,48,50,5
25/06/2006,16,17,18,35,39,49,20
21/06/2006,1,4,8,10,15,50,16
18/06/2006,10,18,21,31,41,48,14
14/06/2006,2,19,29,36,38,49,9
11/06/2006,10,21,27,42,43,48,19
07/06/2006,8,13,36,38,42,44,43
04/06/2006,16,20,33,39,43,44,3
31/05/2006,6,8,26,28,48,50,36
28/05/2006,25,26,29,36,45,51,46
24/05/2006,7,9,22,30,32,43,46
21/05/2006,9,15,18,23,37,41,7
17/05/2006,3,6,11,21,35,36,4
14/05/2006,1,8,17,19,20,31,28
10/05/2006,12,16,19,33,42,43,13
07/05/2006,4,8,9,17,28,48,31
03/05/2006,15,17,23,32,38,39,36
30/04/2006,4,16,23,30,44,51,2
26/04/2006,6,19,26,28,37,41,10
23/04/2006,2,7,14,35,41,50,45
19/04/2006,11,21,22,25,28,35,26
16/04/2006,16,25,34,39,47,50,43
12/04/2006,10,11,20,32,45,50,40
09/04/2006,3,7,27,31,32,42,51
05/04/2006,14,23,30,37,40,46,8
02/04/2006,7,16,18,24,28,39,44
29/03/2006,23,24,28,30,35,50,10
26/03/2006,13,20,21,23,35,46,30
22/03/2006,4,8,18,20,40,45,16
19/03/2006,10,18,30,38,41,44,22
15/03/2006,5,7,17,34,45,49,44
12/03/2006,4,19,32,43,44,47,6
08/03/2006,15,26,31,38,46,48,25
05/03/2006,1,23,34,44,45,47,18
01/03/2006,5,18,21,29,31,51,1
26/02/2006,5,15,33,34,39,40,25
22/02/2006,12,19,25,39,47,49,11
19/02/2006,14,18,19,29,44,48,8
15/02/2006,1,8,10,15,19,21,45
12/02/2006,7,22,32,39,41,50,42
08/02/2006,1,3,4,11,30,31,48
05/02/2006,14,21,33,41,49,50,7
01/02/2006,3,10,15,18,22,40,17
29/01/2006,1,6,13,21,44,50,12
25/01/2006,14,22,28,30,39,44,3
22/01/2006,1,7,19,34,39,47,48
18/01/2006,13,17,27,44,49,51,30
15/01/2006,4,9,24,39,41,49,11
11/01/2006,4,9,14,32,43,48,5
08/01/2006,5,6,11,30,37,50,12
04/01/2006,9,12,26,28,42,50,7
01/01/2006,1,14,19,29,36,42,41
28/12/2005,3,5,12,30,42,44,22
25/12/2005,15,16,20,25,30,48,23
21/12/2005,1,3,4,25,29,41,45
18/12/2005,13,17,23,31,41,48,11
14/12/2005,15,31,32,34,46,50,12
11/12/2005,9,11,15,19,24,46,26
07/12/2005,8,14,19,28,32,40,35
04/12/2005,15,23,27,32,35,48,13
30/11/2005,6,7,13,14,29,43,22
27/11/2005,7,11,20,28,41,46,30
23/11/2005,2,6,12,16,28,36,4
20/11/2005,6,19,27,36,40,44,29
16/11/2005,1,5,22,24,35,45,11
13/11/2005,4,12,15,26,27,40,11
09/11/2005,4,11,14,17,33,39,28
06/11/2005,19,23,31,40,46,47,26
02/11/2005,10,15,17,36,39,41,2
30/10/2005,1,6,33,37,38,45,25
26/10/2005,4,8,23,41,43,46,29
23/10/2005,12,13,22,35,38,40,25
19/10/2005,5,10,16,33,37,42,23
16/10/2005,25,30,31,42,43,47,21
12/10/2005,3,8,12,16,36,44,31
09/10/2005,17,25,29,33,36,46,11
05/10/2005,3,4,22,37,38,40,23
02/10/2005,13,15,20,22,34,42,35
28/09/2005,8,14,18,25,29,36,21
25/09/2005,2,3,12,38,42,44,7
21/09/2005,5,10,14,36,41,43,38
18/09/2005,7,13,15,21,28,34,6
14/09/2005,15,16,17,25,41,42,19
11/09/2005,1,16,26,31,37,45,7
07/09/2005,1,3,4,15,36,39,31
04/09/2005,9,11,12,19,22,44,24
31/08/2005,8,11,15,17,29,43,28
28/08/2005,11,23,30,35,40,42,15
24/08/2005,2,4,19,30,35,46,16
21/08/2005,5,15,21,30,43,46,6
17/08/2005,1,22,25,30,38,42,36
14/08/2005,5,12,13,15,34,36,21
10/08/2005,5,15,30,37,41,47,7
07/08/2005,1,3,7,13,22,29,25
03/08/2005,6,12,13,25,30,41,28
31/07/2005,11,17,19,24,29,39,41
27/07/2005,13,18,20,22,39,43,15
24/07/2005,3,5,20,31,38,43,8
20/07/2005,6,12,24,26,45,47,2
17/07/2005,3,14,20,29,32,41,12
13/07/2005,4,12,26,32,36,47,19
10/07/2005,1,10,15,37,38,47,32
06/07/2005,4,14,15,23,28,36,10
03/07/2005,1,7,18,20,29,31,6
29/06/2005,3,17,19,30,36,39,43
26/06/2005,10,12,15,23,24,36,25
22/06/2005,3,6,10,34,39,47,1
19/06/2005,3,18,25,26,27,42,4
15/06/2005,5,7,9,10,14,25,29
12/06/2005,1,9,25,33,37,42,44
08/06/2005,7,9,12,18,37,41,29
05/06/2005,13,24,29,30,32,38,10
01/06/2005,3,6,10,17,37,41,24
29/05/2005,3,14,21,25,35,37,27
25/05/2005,6,17,20,21,22,44,34
22/05/2005,1,4,20,27,30,39,41
18/05/2005,4,12,20,27,29,43,45
15/05/2005,6,11,31,35,37,41,18
11/05/2005,1,2,5,8,19,27,33
08/05/2005,14,22,23,25,28,31,13
04/05/2005,12,15,22,30,37,40,28
01/05/2005,1,17,23,27,31,41,28
27/04/2005,20,23,25,31,40,45,16
24/04/2005,2,4,16,32,38,42,6
20/04/2005,19,20,22,26,39,45,9
17/04/2005,13,19,20,32,34,37,38
13/04/2005,2,11,28,36,42,45,4
10/04/2005,4,18,28,30,32,34,44
06/04/2005,8,11,16,33,40,45,41
03/04/2005,1,3,6,9,12,16,35
30/03/2005,3,14,20,26,33,47,10
27/03/2005,18,19,25,32,33,36,7
23/03/2005,19,32,35,39,44,45,12
20/03/2005,10,13,20,28,32,38,35
16/03/2005,13,16,19,31,46,47,20
13/03/2005,5,18,21,24,29,46,7
09/03/2005,3,11,18,28,36,42,20
06/03/2005,5,8,11,21,25,44,33
02/03/2005,6,14,33,38,41,42,13
27/02/2005,2,18,27,40,45,46,43
23/02/2005,3,21,22,29,37,45,25
20/02/2005,24,25,27,34,36,43,31
16/02/2005,4,17,24,27,28,47,20
13/02/2005,3,18,21,24,27,39,29
09/02/2005,13,21,25,32,41,47,40
06/02/2005,10,15,20,21,33,46,16
02/02/2005,17,25,31,35,40,46,45
30/01/2005,1,10,12,17,43,45,40
26/01/2005,4,10,14,32,34,38,11
23/01/2005,18,25,26,27,32,35,38
19/01/2005,10,13,26,27,39,43,25
16/01/2005,1,7,9,32,37,45,10
12/01/2005,9,22,26,39,42,45,17
09/01/2005,2,19,21,24,25,46,32
05/01/2005,10,15,21,24,26,46,19
02/01/2005,6,8,12,42,44,47,24
29/12/2004,2,10,15,23,36,42,31
26/12/2004,3,5,11,32,38,45,40
22/12/2004,14,19,24,28,32,40,9
19/12/2004,3,17,20,28,30,39,5
15/12/2004,7,26,28,34,35,42,5
12/12/2004,1,5,7,20,44,47,46
08/12/2004,12,31,32,38,44,45,11
05/12/2004,1,15,20,24,28,33,31
01/12/2004,26,27,30,37,41,44,18
28/11/2004,5,15,17,19,28,47,38
24/11/2004,17,22,30,37,38,44,40
21/11/2004,2,12,13,14,24,36,43
17/11/2004,4,13,23,38,40,47,11
14/11/2004,4,8,22,24,30,47,29
10/11/2004,6,14,19,21,34,43,13
07/11/2004,8,16,23,33,41,43,6
03/11/2004,6,8,14,26,31,42,32
31/10/2004,6,24,25,28,30,40,37
27/10/2004,1,2,9,13,43,46,26
24/10/2004,13,18,23,27,29,32,33
20/10/2004,9,22,24,25,33,42,29
17/10/2004,1,5,27,30,32,37,20
13/10/2004,2,9,13,19,23,37,42
10/10/2004,3,16,31,37,38,47,43
06/10/2004,3,6,12,22,35,37,40
03/10/2004,5,28,31,34,41,42,19
29/09/2004,2,12,15,39,41,47,17
26/09/2004,1,5,18,40,46,47,22
22/09/2004,7,20,21,25,31,41,24
19/09/2004,7,11,27,30,43,45,42
15/09/2004,4,19,29,39,41,42,6
12/09/2004,8,10,13,14,21,29,16
08/09/2004,7,9,13,16,18,40,26
05/09/2004,1,3,9,13,14,30,17
01/09/2004,11,12,22,35,39,40,45
29/08/2004,3,19,24,25,37,40,28
25/08/2004,6,17,30,31,38,41,18
22/08/2004,8,9,15,19,28,45,47
18/08/2004,4,27,32,39,44,47,12
15/08/2004,6,9,10,30,39,44,8
11/08/2004,6,9,22,36,42,46,3
08/08/2004,13,18,28,31,43,47,6
04/08/2004,8,11,19,28,30,47,43
01/08/2004,14,15,17,19,29,39,41
28/07/2004,4,11,17,18,20,36,8
25/07/2004,6,16,30,32,34,35,14
21/07/2004,5,17,21,25,37,43,1
18/07/2004,2,3,14,19,41,45,25
14/07/2004,2,14,18,21,29,45,15
11/07/2004,10,21,27,33,38,39,30
07/07/2004,11,12,16,25,26,43,15
04/07/2004,16,20,24,28,32,44,13
30/06/2004,4,5,21,26,28,34,12
27/06/2004,8,15,17,21,30,31,46
23/06/2004,3,5,12,24,30,42,31
20/06/2004,5,20,24,33,34,45,13
16/06/2004,23,30,33,36,40,43,25
13/06/2004,7,10,15,27,28,31,14
09/06/2004,6,9,14,23,34,39,37
06/06/2004,14,21,24,37,45,47,11
02/06/2004,7,8,18,30,33,39,43
30/05/2004,16,19,20,21,22,44,11
26/05/2004,7,9,13,14,23,35,6
23/05/2004,11,19,24,32,40,44,46
19/05/2004,1,11,14,21,23,35,9
16/05/2004,10,20,28,34,36,44,37
12/05/2004,3,14,21,30,40,41,43
09/05/2004,2,14,18,20,22,34,38
05/05/2004,4,8,16,20,44,47,26
02/05/2004,3,8,16,22,36,43,29
28/04/2004,5,15,16,26,30,34,1
25/04/2004,9,13,19,32,34,47,20
21/04/2004,1,12,14,17,19,47,24
18/04/2004,21,34,36,39,41,43,12
14/04/2004,7,9,31,36,45,46,35
11/04/2004,2,8,18,19,33,46,10
07/04/2004,7,16,27,31,34,35,43
04/04/2004,2,5,9,11,14,21,29
31/03/2004,9,12,19,28,30,42,35
28/03/2004,10,16,23,32,33,39,19
24/03/2004,6,9,23,28,30,35,12
21/03/2004,5,6,7,25,32,40,16
17/03/2004,10,17,30,34,36,40,4
14/03/2004,12,21,22,26,37,47,8
10/03/2004,3,7,30,36,38,45,37
07/03/2004,2,4,18,25,37,43,36
03/03/2004,8,29,32,36,37,39,12
29/02/2004,2,4,14,29,40,42,11
25/02/2004,5,9,12,31,34,44,36
22/02/2004,22,27,32,40,43,46,9
18/02/2004,5,16,25,26,27,29,12
15/02/2004,13,15,17,18,27,40,26
11/02/2004,8,10,14,29,35,46,38
08/02/2004,12,16,21,24,38,46,13
04/02/2004,6,18,21,28,31,32,33
01/02/2004,14,19,24,29,36,40,17
28/01/2004,5,15,17,24,28,31,19
25/01/2004,5,15,16,17,25,42,9
21/01/2004,4,25,26,32,41,45,23
18/01/2004,3,5,23,26,35,36,2
14/01/2004,5,36,37,39,40,47,15
11/01/2004,5,9,24,28,37,45,19
07/01/2004,5,7,8,9,14,27,6
04/01/2004,14,17,22,29,31,47,19
31/12/2003,3,8,26,33,38,45,37
28/12/2003,16,23,24,25,32,37,1
24/12/2003,6,7,20,38,41,47,29
21/12/2003,7,12,25,36,45,46,15
17/12/2003,5,8,10,25,27,39,45
14/12/2003,4,11,12,18,36,47,27
10/12/2003,4,9,12,17,19,36,33
07/12/2003,5,11,18,25,28,47,13
03/12/2003,1,2,11,15,17,31,46
30/11/2003,4,14,16,22,29,33,10
26/11/2003,7,17,33,41,43,44,9
23/11/2003,1,5,8,12,24,43,31
19/11/2003,23,29,42,44,45,47,9
16/11/2003,2,19,24,31,36,42,4
12/11/2003,6,9,38,40,42,43,36
09/11/2003,4,16,22,28,31,36,15
05/11/2003,3,16,35,42,43,44,34
02/11/2003,1,4,10,11,42,44,6
29/10/2003,10,33,34,36,42,46,11
26/10/2003,24,30,31,34,42,45,21
22/10/2003,3,7,8,16,30,44,25
19/10/2003,5,13,19,27,42,47,24
15/10/2003,1,12,19,32,35,40,22
12/10/2003,7,8,9,23,43,47,19
08/10/2003,6,16,31,36,41,46,9
05/10/2003,1,5,17,18,20,47,36
01/10/2003,2,3,9,19,22,41,16
28/09/2003,18,23,36,39,40,47,17
24/09/2003,3,18,30,36,43,47,33
21/09/2003,11,13,14,29,43,44,18
17/09/2003,4,19,24,25,40,44,20
14/09/2003,3,11,29,41,42,44,35
10/09/2003,11,17,18,20,37,45,38
07/09/2003,3,4,8,27,31,33,25
03/09/2003,7,19,24,28,29,41,32
31/08/2003,4,28,32,39,40,45,13
27/08/2003,7,9,16,33,43,45,38
24/08/2003,1,8,24,40,45,47,19
20/08/2003,1,9,21,35,44,45,37
17/08/2003,5,6,17,30,34,41,33
13/08/2003,13,16,26,32,41,43,4
10/08/2003,4,8,14,24,34,47,6
06/08/2003,5,7,8,24,34,42,36
03/08/2003,1,9,22,36,38,43,39
30/07/2003,5,8,16,27,31,33,19
27/07/2003,16,17,21,31,41,46,30
23/07/2003,11,12,17,20,33,45,3
20/07/2003,13,17,23,35,39,46,31
16/07/2003,13,17,27,34,37,46,29
13/07/2003,8,9,21,24,37,38,16
09/07/2003,11,13,26,30,32,42,29
06/07/2003,8,10,12,26,28,39,6
02/07/2003,11,17,22,28,42,46,44
29/06/2003,10,14,18,20,22,27,29
25/06/2003,3,7,13,18,22,34,11
22/06/2003,23,25,32,34,38,44,16
18/06/2003,4,10,27,32,37,41,42
15/06/2003,6,8,24,41,43,45,28
11/06/2003,2,3,11,32,41,47,45
08/06/2003,1,12,22,31,41,45,40
04/06/2003,1,4,14,15,30,33,18
01/06/2003,8,14,15,18,19,45,27
28/05/2003,10,11,30,31,32,44,21
25/05/2003,7,8,18,24,28,40,34
21/05/2003,2,10,19,24,27,31,1
18/05/2003,27,28,29,30,42,46,1
14/05/2003,5,12,15,19,28,38,40
11/05/2003,4,10,14,15,26,27,11
07/05/2003,1,9,23,28,38,47,17
04/05/2003,13,27,32,33,41,46,16
30/04/2003,3,13,24,28,30,46,43
27/04/2003,10,13,18,26,30,39,15
23/04/2003,11,13,33,36,38,39,25
20/04/2003,18,20,27,36,42,44,9
16/04/2003,3,9,17,21,36,43,34
13/04/2003,1,4,12,23,28,29,22
09/04/2003,7,27,35,38,39,42,31
06/04/2003,2,7,14,16,33,42,10
02/04/2003,5,6,24,29,32,35,45
30/03/2003,2,11,20,27,32,36,24
26/03/2003,3,4,6,33,34,37,9
23/03/2003,2,6,12,25,35,39,43
19/03/2003,4,14,17,25,34,38,23
16/03/2003,4,7,27,30,32,33,14
12/03/2003,14,16,20,31,41,45,42
09/03/2003,9,13,15,18,32,33,30
05/03/2003,9,16,35,40,42,44,11
02/03/2003,1,3,17,24,28,33,8
26/02/2003,11,18,22,23,36,47,19
23/02/2003,10,17,20,33,41,42,19
19/02/2003,21,22,33,36,40,44,25
16/02/2003,6,7,19,22,24,41,26
12/02/2003,22,24,25,27,43,44,3
09/02/2003,1,3,9,10,22,38,14
05/02/2003,7,9,29,31,39,42,3
02/02/2003,7,23,24,27,34,39,12
29/01/2003,16,17,30,35,37,39,14
26/01/2003,9,11,14,27,34,47,43
22/01/2003,5,19,20,24,39,47,38
19/01/2003,12,15,29,34,42,47,18
15/01/2003,5,13,20,26,28,40,43
12/01/2003,19,26,27,29,34,43,38
08/01/2003,3,13,17,29,32,37,12
05/01/2003,9,12,28,29,35,39,44
01/01/2003,12,13,17,21,37,39,14
29/12/2002,7,9,12,14,20,27,46
25/12/2002,7,32,34,35,45,46,2
22/12/2002,1,6,10,22,26,33,31
18/12/2002,7,8,31,32,41,42,2
15/12/2002,1,5,11,23,27,32,9
11/12/2002,3,16,21,29,30,35,44
08/12/2002,4,25,28,37,40,41,19
04/12/2002,1,7,14,16,17,22,28
01/12/2002,2,9,28,39,40,42,32
27/11/2002,6,12,17,32,41,47,43
24/11/2002,3,4,18,33,42,44,22
20/11/2002,1,8,25,30,45,46,12
17/11/2002,10,14,19,28,29,34,26
13/11/2002,7,18,26,27,33,43,6
10/11/2002,1,7,10,18,21,28,30
06/11/2002,4,8,14,17,35,44,5
03/11/2002,13,16,28,38,40,43,44
30/10/2002,7,16,22,24,27,33,45
27/10/2002,11,12,24,31,36,39,5
23/10/2002,10,15,22,30,34,40,39
20/10/2002,6,16,26,30,37,43,10
16/10/2002,11,26,27,34,44,46,8
13/10/2002,1,2,5,20,21,23,36
09/10/2002,11,22,24,25,42,43,23
06/10/2002,9,13,14,25,41,47,16
02/10/2002,4,15,18,25,35,39,5
29/09/2002,1,8,9,13,18,32,4
25/09/2002,14,21,23,25,37,43,18
22/09/2002,16,19,20,25,28,40,38
18/09/2002,27,35,38,39,41,42,26
15/09/2002,3,12,16,18,42,44,24
11/09/2002,6,7,18,27,37,41,43
08/09/2002,10,11,22,28,35,41,33
04/09/2002,2,19,36,38,40,44,3
01/09/2002,1,13,14,27,33,44,24
28/08/2002,9,14,17,23,34,36,16
25/08/2002,9,30,31,35,39,44,4
21/08/2002,1,8,9,33,38,39,5
18/08/2002,2,15,26,27,42,44,35
14/08/2002,7,9,10,20,22,40,8
11/08/2002,2,7,11,26,29,41,4
07/08/2002,12,17,21,22,32,36,40
04/08/2002,7,15,20,25,30,38,27
31/07/2002,1,8,16,20,23,38,39
28/07/2002,2,10,11,25,31,33,4
24/07/2002,11,22,25,35,38,42,28
21/07/2002,5,20,36,37,38,43,13
17/07/2002,2,4,11,26,29,30,20
14/07/2002,2,5,12,20,23,27,14
10/07/2002,3,11,12,22,29,40,4
07/07/2002,13,20,28,34,35,39,30
03/07/2002,3,4,20,28,34,35,1
30/06/2002,10,18,24,26,28,39,22
26/06/2002,17,18,31,38,43,44,37
23/06/2002,14,18,25,31,40,41,15
19/06/2002,1,6,9,24,31,43,16
16/06/2002,6,14,25,31,35,42,34
12/06/2002,4,13,14,17,21,35,19
09/06/2002,23,25,32,34,37,43,31
05/06/2002,10,16,29,31,35,36,13
02/06/2002,1,6,15,25,28,32,17
29/05/2002,4,6,16,19,26,32,20
26/05/2002,4,21,24,30,39,41,32
22/05/2002,7,8,25,28,30,44,12
19/05/2002,13,16,24,36,39,41,10
15/05/2002,9,21,25,34,38,42,27
12/05/2002,5,6,7,11,32,33,36
08/05/2002,9,20,22,37,39,41,40
05/05/2002,25,36,37,39,43,44,16
01/05/2002,2,15,26,34,36,41,4
28/04/2002,2,3,17,32,38,42,7
24/04/2002,6,10,14,15,19,40,2
21/04/2002,1,9,19,25,29,42,8
17/04/2002,3,11,15,31,34,42,2
14/04/2002,5,6,9,12,35,37,11
10/04/2002,5,15,16,17,21,22,25
07/04/2002,2,5,17,21,33,40,30
03/04/2002,8,11,21,23,26,40,28
31/03/2002,5,21,29,34,36,42,27
27/03/2002,9,14,20,31,35,38,17
24/03/2002,9,19,20,21,28,43,1
20/03/2002,7,8,17,23,40,43,1
17/03/2002,5,8,13,37,39,44,20
13/03/2002,2,8,9,24,25,34,42
10/03/2002,6,8,11,27,35,38,2
06/03/2002,7,11,26,32,41,42,20
03/03/2002,7,11,19,28,39,40,31
27/02/2002,8,11,17,33,39,43,23
24/02/2002,5,14,23,29,30,38,22
20/02/2002,4,7,33,35,40,42,2
17/02/2002,4,5,6,8,12,24,39
13/02/2002,1,3,13,23,29,40,15
10/02/2002,1,14,17,25,32,40,16
06/02/2002,4,8,25,27,37,38,15
03/02/2002,15,18,25,28,30,44,38
30/01/2002,5,15,21,22,29,34,28
27/01/2002,2,4,11,14,33,38,16
23/01/2002,14,17,18,24,32,42,12
20/01/2002,2,3,8,16,28,31,15
16/01/2002,2,14,16,23,37,39,19
13/01/2002,4,7,14,16,30,37,34
09/01/2002,4,12,14,15,23,43,13
06/01/2002,2,3,8,12,27,31,18
02/01/2002,4,13,14,15,29,40,32
30/12/2001,2,15,34,37,38,39,26
26/12/2001,22,27,32,35,43,44,16
23/12/2001,5,6,18,24,30,35,7
19/12/2001,2,11,14,21,32,44,30
16/12/2001,5,10,20,32,37,39,27
12/12/2001,10,22,30,36,40,44,15
09/12/2001,1,4,11,17,22,33,44
05/12/2001,7,8,9,12,22,37,16
02/12/2001,22,26,32,34,36,43,42
28/11/2001,18,19,30,31,32,43,3
25/11/2001,2,12,13,27,28,40,44
21/11/2001,8,15,19,25,33,36,34
18/11/2001,20,22,32,33,35,44,21
14/11/2001,2,10,14,23,41,43,13
11/11/2001,3,13,14,18,26,42,41
07/11/2001,9,13,14,22,23,40,3
04/11/2001,4,13,17,26,33,39,12
31/10/2001,2,3,10,24,26,36,27
28/10/2001,4,15,16,26,37,38,27
24/10/2001,17,19,22,23,38,41,33
21/10/2001,1,5,13,29,42,44,23
17/10/2001,1,5,14,16,20,33,40
14/10/2001,2,14,21,26,37,43,32
10/10/2001,8,17,19,29,31,43,22
07/10/2001,20,27,28,29,36,41,37
03/10/2001,8,23,27,32,33,44,41
30/09/2001,1,15,20,25,26,33,18
26/09/2001,8,16,18,21,32,43,34
23/09/2001,1,14,16,21,31,35,32
19/09/2001,2,4,18,28,40,42,25
16/09/2001,15,19,23,25,27,34,21
12/09/2001,5,15,16,18,32,33,20
09/09/2001,11,12,14,23,31,43,16
05/09/2001,3,9,11,20,21,26,5
02/09/2001,3,21,22,24,37,40,7
29/08/2001,9,24,27,28,34,36,39
26/08/2001,10,18,26,28,38,42,13
22/08/2001,5,7,18,19,22,30,27
19/08/2001,11,35,36,37,39,43,10
15/08/2001,2,17,23,29,38,39,11
12/08/2001,10,15,25,34,39,40,22
08/08/2001,12,15,23,26,32,33,31
05/08/2001,1,19,22,25,27,35,30
01/08/2001,6,10,11,33,35,36,39
29/07/2001,6,12,13,19,20,22,26
25/07/2001,10,17,21,25,35,44,31
22/07/2001,13,20,25,34,38,40,44
18/07/2001,4,10,16,25,31,35,32
15/07/2001,1,3,14,15,16,27,12
11/07/2001,3,18,23,27,34,37,44
08/07/2001,4,20,22,32,33,42,17
04/07/2001,2,10,13,18,29,36,15
01/07/2001,11,18,27,30,34,40,21
27/06/2001,3,12,13,19,27,38,23
24/06/2001,7,12,13,14,15,35,19
20/06/2001,7,8,15,16,18,43,36
17/06/2001,6,14,17,32,38,42,10
13/06/2001,9,13,26,30,32,44,19
10/06/2001,2,9,18,20,38,43,16
06/06/2001,3,16,17,33,35,40,37
03/06/2001,10,13,26,30,34,42,27
30/05/2001,2,7,13,23,34,37,27
27/05/2001,4,5,6,18,33,36,25
23/05/2001,2,17,19,21,33,35,28
20/05/2001,3,19,26,30,39,43,22
16/05/2001,3,9,19,23,32,39,8
13/05/2001,28,30,36,39,41,43,27
09/05/2001,10,22,24,25,37,43,31
06/05/2001,1,7,13,14,27,35,34
02/05/2001,9,12,13,34,35,41,1
29/04/2001,3,7,15,22,34,42,33
25/04/2001,3,15,21,28,36,37,7
22/04/2001,6,10,20,22,23,24,15
18/04/2001,1,5,19,31,34,39,27
15/04/2001,6,15,18,22,25,32,9
11/04/2001,1,4,8,9,35,44,24
08/04/2001,3,6,9,12,24,26,34
04/04/2001,5,14,15,18,33,36,2
01/04/2001,9,12,16,20,25,26,43
28/03/2001,12,17,24,28,35,39,16
25/03/2001,3,12,13,26,32,41,10
21/03/2001,10,33,37,40,42,43,44
18/03/2001,1,5,8,15,31,32,14
14/03/2001,2,3,8,14,31,39,9
11/03/2001,10,21,24,25,37,41,12
07/03/2001,11,18,28,30,31,34,15
04/03/2001,3,5,6,13,37,42,38
28/02/2001,4,10,16,18,20,37,3
25/02/2001,7,11,31,35,38,40,41
21/02/2001,18,20,28,31,38,44,40
18/02/2001,6,23,25,26,30,36,31
14/02/2001,6,8,9,26,37,43,23
11/02/2001,6,7,19,25,30,33,44
07/02/2001,1,6,10,31,37,38,4
04/02/2001,10,14,17,28,33,35,18
31/01/2001,7,14,25,36,41,43,1
28/01/2001,6,9,15,18,24,25,1
24/01/2001,8,9,24,27,35,42,31
21/01/2001,13,14,17,28,30,31,2
17/01/2001,13,14,16,20,37,41,34
14/01/2001,18,22,26,30,33,34,37
10/01/2001,5,7,25,26,30,39,24
07/01/2001,2,3,15,26,34,42,9
03/01/2001,4,24,26,28,38,42,44
31/12/2000,8,15,17,28,30,42,37
27/12/2000,1,9,23,25,32,44,17
24/12/2000,2,11,14,21,29,30,1
20/12/2000,2,3,7,31,32,38,36
17/12/2000,3,15,25,30,36,39,34
13/12/2000,8,24,29,32,33,44,18
10/12/2000,21,24,26,34,38,44,39
06/12/2000,1,4,11,13,16,20,36
03/12/2000,5,17,23,25,38,40,20
29/11/2000,5,18,25,36,42,44,3
26/11/2000,12,14,17,28,31,34,32
22/11/2000,4,11,18,22,28,30,21
19/11/2000,18,21,25,28,33,35,30
15/11/2000,13,32,33,36,39,40,15
12/11/2000,6,17,22,25,29,40,27
08/11/2000,2,5,13,16,19,38,34
05/11/2000,3,5,6,12,27,43,41
01/11/2000,2,13,19,24,30,37,39
29/10/2000,6,16,21,26,33,37,34
25/10/2000,8,12,16,21,34,44,6
22/10/2000,13,27,29,30,37,43,22
18/10/2000,2,18,23,26,29,32,10
15/10/2000,18,19,22,35,36,43,3
11/10/2000,2,3,8,12,17,23,28
08/10/2000,1,3,7,15,29,42,30
04/10/2000,6,7,13,27,32,40,35
01/10/2000,5,13,15,20,30,44,14
27/09/2000,9,15,31,36,39,43,6
24/09/2000,5,8,9,14,42,44,36
20/09/2000,3,6,27,32,38,40,14
17/09/2000,7,10,20,22,26,40,41
13/09/2000,16,17,20,28,29,43,22
10/09/2000,14,15,17,38,40,43,1
06/09/2000,5,12,18,23,26,39,13
03/09/2000,6,11,12,22,29,44,1
30/08/2000,3,11,14,26,31,32,8
27/08/2000,5,11,21,30,31,32,39
23/08/2000,2,8,28,31,34,39,17
20/08/2000,1,8,14,17,18,22,2
16/08/2000,3,15,33,35,40,42,20
13/08/2000,14,20,25,26,30,41,18
09/08/2000,1,7,8,14,25,44,19
06/08/2000,3,13,16,18,22,34,21
02/08/2000,9,16,18,28,30,36,2
30/07/2000,1,12,14,15,34,43,5
26/07/2000,2,4,6,32,39,40,18
23/07/2000,6,7,15,17,21,24,1
19/07/2000,7,16,24,28,31,33,18
16/07/2000,4,22,34,38,42,44,23
12/07/2000,6,17,19,23,25,43,32
09/07/2000,8,11,13,26,37,41,6
05/07/2000,2,14,28,40,41,43,17
02/07/2000,2,6,17,25,34,39,7
28/06/2000,4,8,17,19,27,39,1
25/06/2000,11,13,15,21,25,30,31
21/06/2000,3,6,14,21,27,36,33
18/06/2000,4,15,17,19,21,33,40
14/06/2000,23,25,32,33,37,38,20
11/06/2000,5,16,32,34,42,44,9
07/06/2000,1,3,8,11,15,44,36
04/06/2000,1,15,16,25,29,31,23
31/05/2000,8,10,15,16,31,35,4
28/05/2000,1,7,12,13,22,39,28
24/05/2000,1,5,18,25,32,37,26
21/05/2000,2,3,12,25,35,43,34
17/05/2000,2,11,17,24,25,26,12
14/05/2000,5,21,25,27,30,39,3
10/05/2000,6,9,14,22,24,29,4
07/05/2000,7,21,25,33,34,37,41
03/05/2000,1,4,5,10,12,42,35
30/04/2000,4,6,7,33,38,39,43
26/04/2000,11,20,30,31,32,44,37
23/04/2000,6,13,16,19,20,32,37
19/04/2000,6,8,20,23,24,25,33
16/04/2000,1,9,12,29,39,42,36
12/04/2000,22,25,26,31,32,41,40
09/04/2000,5,7,13,16,31,32,2
05/04/2000,3,18,23,33,40,42,10
02/04/2000,6,11,15,37,40,42,16
29/03/2000,7,10,16,22,37,39,40
26/03/2000,17,23,26,29,35,42,20
22/03/2000,3,27,34,35,37,38,24
19/03/2000,7,14,30,33,39,43,3
15/03/2000,4,5,17,35,40,41,25
12/03/2000,21,22,24,29,39,44,7
08/03/2000,5,7,17,27,29,34,10
05/03/2000,5,7,16,21,36,42,39
01/03/2000,9,11,17,20,28,39,38
27/02/2000,1,4,24,28,35,40,12
23/02/2000,10,25,27,34,35,42,3
20/02/2000,19,20,26,27,30,39,23
16/02/2000,5,16,18,22,26,27,37
13/02/2000,16,21,23,30,38,42,28
09/02/2000,1,10,18,25,40,44,29
06/02/2000,5,10,14,25,34,41,42
02/02/2000,1,4,10,13,26,29,34
30/01/2000,2,6,7,18,25,29,26
26/01/2000,3,11,30,31,37,40,15
23/01/2000,16,21,23,25,34,37,27
19/01/2000,16,28,30,31,34,44,27
16/01/2000,14,23,29,35,36,38,39
12/01/2000,18,23,25,36,37,43,9
09/01/2000,7,14,24,33,38,39,35
05/01/2000,6,14,34,36,37,44,35
02/01/2000,11,22,28,34,41,43,38
29/12/1999,6,7,19,29,39,40,10
26/12/1999,1,11,14,28,40,43,5
22/12/1999,6,10,18,31,34,38,37
19/12/1999,3,6,7,9,10,14,13
15/12/1999,7,9,10,12,19,25,38
12/12/1999,4,7,18,21,34,38,8
08/12/1999,5,10,17,26,38,42,8
05/12/1999,4,5,18,37,38,39,29
01/12/1999,9,12,25,32,35,44,28
28/11/1999,6,20,25,29,37,41,14
24/11/1999,3,7,10,18,25,39,35
21/11/1999,9,15,19,23,24,30,25
17/11/1999,7,12,19,20,41,44,36
14/11/1999,10,12,23,31,37,42,13
10/11/1999,9,20,24,27,31,35,44
07/11/1999,1,4,7,15,35,40,8
03/11/1999,3,15,25,34,36,41,1
31/10/1999,4,10,15,20,21,30,27
27/10/1999,7,25,28,30,38,40,3
24/10/1999,10,15,20,22,25,40,16
20/10/1999,7,9,24,28,38,43,3
17/10/1999,2,11,23,27,38,42,19
13/10/1999,2,3,19,32,37,40,27
10/10/1999,3,23,26,39,40,43,28
06/10/1999,8,10,12,26,33,36,23
03/10/1999,5,8,13,19,30,35,37
29/09/1999,3,6,29,32,33,34,21
26/09/1999,10,12,23,25,30,34,21
22/09/1999,1,28,33,36,40,44,43
19/09/1999,4,9,16,22,40,43,1
15/09/1999,4,11,17,21,31,42,6
12/09/1999,5,12,13,29,35,43,30
08/09/1999,7,23,26,28,31,35,41
05/09/1999,12,22,26,31,36,39,38
01/09/1999,3,6,8,16,17,37,25
29/08/1999,3,7,10,11,21,24,17
25/08/1999,4,10,25,26,27,39,14
22/08/1999,1,8,9,13,32,36,34
18/08/1999,2,6,10,13,20,37,15
15/08/1999,9,15,16,17,28,43,11
11/08/1999,13,14,15,30,36,41,26
08/08/1999,1,5,10,15,16,22,4
04/08/1999,8,9,22,27,28,31,15
01/08/1999,4,15,21,30,34,38,33
28/07/1999,1,7,26,33,38,40,31
25/07/1999,10,12,15,22,43,44,1
21/07/1999,7,27,29,30,36,42,13
18/07/1999,4,10,15,18,20,27,40
14/07/1999,2,6,8,15,30,39,34
11/07/1999,7,9,11,24,35,43,13
07/07/1999,3,13,21,26,33,35,34
04/07/1999,2,20,25,28,30,38,5
30/06/1999,8,10,13,24,39,40,44
27/06/1999,2,4,10,18,30,40,23
23/06/1999,6,13,14,31,34,41,3
20/06/1999,17,18,23,27,29,40,6
16/06/1999,2,27,32,40,41,43,11
13/06/1999,12,18,24,30,35,44,6
09/06/1999,3,8,11,22,28,42,24
06/06/1999,1,25,27,29,38,40,19
02/06/1999,9,16,25,36,41,42,40
30/05/1999,1,2,19,20,36,41,39
26/05/1999,9,10,17,28,38,39,35
23/05/1999,12,20,23,36,40,44,26
19/05/1999,8,12,18,35,39,40,27
16/05/1999,4,9,15,24,32,42,26
12/05/1999,16,18,21,34,35,44,17
09/05/1999,11,13,18,28,39,44,37
05/05/1999,3,7,15,25,32,33,22
02/05/1999,7,12,16,17,42,43,34
28/04/1999,5,12,15,36,37,38,31
25/04/1999,4,10,14,16,26,35,37
21/04/1999,2,8,20,32,38,42,19
18/04/1999,8,9,10,17,37,39,33
14/04/1999,5,15,34,39,40,42,7
11/04/1999,8,13,24,29,30,32,2
07/04/1999,10,25,26,34,36,44,37
04/04/1999,1,3,6,7,37,44,35
31/03/1999,2,5,13,16,24,40,7
28/03/1999,5,8,13,14,28,44,21
24/03/1999,2,17,21,25,31,44,14
21/03/1999,7,25,29,32,38,41,28
17/03/1999,8,11,25,39,40,41,28
14/03/1999,2,12,19,24,38,43,42
10/03/1999,10,14,20,32,33,44,23
07/03/1999,6,14,25,27,40,42,18
03/03/1999,14,18,26,29,32,33,12
28/02/1999,18,20,32,33,36,38,2
24/02/1999,2,12,18,23,27,43,40
21/02/1999,5,14,21,33,34,38,37
17/02/1999,4,7,9,19,32,36,44
14/02/1999,13,21,32,33,35,40,8
10/02/1999,1,3,10,16,32,43,8
07/02/1999,2,15,18,23,38,42,37
03/02/1999,3,5,18,27,38,44,13
31/01/1999,3,6,17,28,33,42,39
27/01/1999,5,10,26,27,30,37,42
24/01/1999,20,23,35,37,38,44,39
20/01/1999,3,10,15,18,33,41,43
17/01/1999,8,19,30,34,41,44,22
13/01/1999,1,5,22,31,33,44,36
10/01/1999,7,23,27,39,42,44,17
06/01/1999,7,28,35,36,39,42,31
03/01/1999,2,8,9,24,38,39,34
30/12/1998,10,21,24,31,38,42,9
27/12/1998,1,2,25,37,38,44,21
23/12/1998,2,6,14,20,38,41,9
20/12/1998,5,19,23,24,26,40,43
16/12/1998,15,18,20,25,31,32,13
13/12/1998,17,20,26,35,43,44,6
09/12/1998,9,12,29,39,42,43,13
06/12/1998,24,26,27,29,31,36,20
02/12/1998,2,4,10,26,27,41,22
29/11/1998,8,16,22,34,36,41,6
25/11/1998,6,9,19,29,32,37,43
22/11/1998,17,26,31,34,42,44,7
18/11/1998,6,11,27,37,40,43,31
15/11/1998,2,4,5,10,22,23,39
11/11/1998,5,11,14,38,40,41,27
08/11/1998,5,16,25,31,32,41,15
04/11/1998,8,12,24,25,28,31,19
01/11/1998,3,4,13,29,38,40,43
28/10/1998,3,14,15,18,29,35,27
25/10/1998,2,13,24,26,28,36,31
21/10/1998,6,17,23,30,41,44,31
18/10/1998,4,6,10,15,20,42,37
14/10/1998,6,9,17,31,34,43,27
11/10/1998,11,19,20,37,40,44,14
07/10/1998,7,10,27,32,33,42,35
04/10/1998,1,11,19,36,41,43,34
30/09/1998,9,18,20,23,25,41,24
27/09/1998,1,8,21,26,27,42,17
23/09/1998,5,7,11,14,25,30,12
20/09/1998,3,7,20,28,30,36,44
16/09/1998,8,35,37,40,42,44,21
13/09/1998,1,11,16,18,26,33,14
09/09/1998,3,7,13,15,24,25,34
06/09/1998,19,24,35,38,40,41,14
02/09/1998,1,3,15,16,36,44,9
30/08/1998,10,12,17,19,24,26,32
26/08/1998,3,5,23,26,27,40,33
23/08/1998,15,23,27,32,33,41,39
19/08/1998,13,14,19,28,31,40,20
16/08/1998,24,31,32,33,34,37,13
12/08/1998,7,13,27,31,38,39,37
09/08/1998,16,18,20,29,38,42,6
05/08/1998,4,10,25,31,37,41,20
02/08/1998,2,5,11,21,23,27,32
29/07/1998,20,25,27,29,37,44,24
26/07/1998,2,6,18,26,41,44,19
22/07/1998,5,12,13,22,38,42,9
19/07/1998,13,19,22,27,29,33,40
15/07/1998,13,18,24,27,31,44,36
12/07/1998,3,10,24,29,37,41,40
08/07/1998,6,23,29,37,40,44,25
05/07/1998,9,12,21,24,26,37,1
01/07/1998,1,27,36,37,43,44,18
28/06/1998,1,23,24,29,30,32,40
24/06/1998,3,4,24,33,39,42,43
21/06/1998,3,9,13,34,35,44,7
17/06/1998,5,6,11,21,26,37,7
14/06/1998,3,11,16,19,23,40,2
10/06/1998,2,15,24,37,40,42,43
07/06/1998,1,18,20,22,25,43,9
03/06/1998,5,6,9,19,28,42,44
31/05/1998,7,14,17,25,27,38,18
27/05/1998,1,8,18,19,24,31,32
24/05/1998,1,5,9,14,19,44,41
20/05/1998,1,10,25,33,40,44,37
17/05/1998,6,10,15,17,24,32,21
13/05/1998,1,4,10,16,18,39,40
10/05/1998,3,18,19,29,30,41,20
06/05/1998,5,7,16,18,29,34,11
03/05/1998,1,5,6,13,15,17,22
29/04/1998,3,8,10,11,27,42,4
26/04/1998,1,9,19,28,40,42,37
22/04/1998,3,11,21,25,33,35,4
19/04/1998,1,2,7,11,20,39,6
15/04/1998,1,3,8,27,34,44,21
12/04/1998,9,22,24,25,30,31,39
08/04/1998,1,5,11,13,16,28,29
05/04/1998,3,5,22,29,35,38,6
01/04/1998,1,7,20,29,37,40,21
29/03/1998,2,9,12,16,27,29,7
25/03/1998,6,7,9,13,31,44,27
22/03/1998,18,21,23,28,39,41,22
18/03/1998,1,18,29,32,34,39,33
15/03/1998,2,8,12,21,34,43,13
11/03/1998,8,10,28,30,33,43,6
08/03/1998,1,14,20,34,37,41,7
04/03/1998,9,12,26,32,39,42,1
01/03/1998,13,14,16,21,27,36,26
25/02/1998,15,23,41,42,43,44,21
22/02/1998,5,6,7,8,33,39,3
18/02/1998,18,20,23,24,28,35,44
15/02/1998,2,11,23,25,32,34,36
11/02/1998,2,19,27,36,41,43,6
08/02/1998,9,18,19,25,29,33,32
04/02/1998,12,20,21,27,39,42,8
01/02/1998,9,20,33,37,39,41,28
28/01/1998,7,9,10,19,22,30,11
25/01/1998,4,7,14,39,40,42,24
21/01/1998,4,12,13,27,37,44,1
18/01/1998,17,24,27,29,33,35,22
14/01/1998,16,22,31,33,34,36,2
11/01/1998,6,12,13,24,28,38,43
07/01/1998,2,3,6,14,18,43,22
04/01/1998,3,7,10,12,30,34,41
31/12/1997,2,11,25,31,32,33,4
28/12/1997,9,17,34,35,36,43,40
24/12/1997,8,11,22,32,42,43,17
21/12/1997,1,2,6,24,27,30,43
17/12/1997,11,12,23,30,40,42,26
14/12/1997,2,11,24,27,29,40,16
10/12/1997,9,36,37,41,42,44,25
07/12/1997,7,15,17,19,33,37,23
03/12/1997,1,18,20,24,30,32,15
30/11/1997,3,8,17,32,36,43,7
26/11/1997,9,10,12,17,28,38,3
23/11/1997,9,13,17,21,33,37,15
19/11/1997,7,9,12,20,22,41,18
16/11/1997,8,13,15,26,32,42,20
12/11/1997,2,7,18,27,37,43,5
09/11/1997,2,6,17,18,28,44,34
05/11/1997,6,12,21,24,31,40,38
02/11/1997,1,12,19,24,25,35,9
29/10/1997,4,18,31,37,41,43,40
26/10/1997,6,13,14,17,31,42,29
22/10/1997,5,8,22,31,38,44,30
22/10/1997,18,29,37,39,42,44,5
15/10/1997,8,14,15,36,37,38,29
12/10/1997,9,21,27,28,30,37,18
08/10/1997,11,13,25,35,40,43,9
05/10/1997,4,6,10,17,33,38,39
01/10/1997,1,5,14,19,30,31,41
28/09/1997,1,4,27,29,30,35,40
24/09/1997,2,14,17,20,25,26,30
21/09/1997,9,16,28,30,32,34,10
17/09/1997,11,19,24,27,32,41,28
14/09/1997,1,17,19,26,36,38,21
10/09/1997,14,27,30,31,35,37,24
07/09/1997,3,23,34,37,40,41,17
03/09/1997,1,8,17,32,43,44,31
31/08/1997,5,11,25,28,43,44,31
27/08/1997,2,14,29,34,37,41,23
24/08/1997,5,7,10,27,30,44,40
20/08/1997,12,17,32,33,38,40,5
17/08/1997,8,25,33,34,36,43,2
13/08/1997,2,16,26,36,37,39,22
10/08/1997,3,17,20,28,38,41,25
06/08/1997,7,8,29,30,32,33,4
03/08/1997,14,24,28,32,35,36,15
30/07/1997,9,17,18,26,27,38,33
27/07/1997,11,12,17,18,35,37,1
23/07/1997,19,28,35,36,37,38,4
20/07/1997,7,8,10,31,39,41,35
16/07/1997,3,4,12,19,32,33,40
13/07/1997,3,13,16,20,33,41,37
09/07/1997,2,7,10,16,21,36,19
06/07/1997,2,7,12,13,20,29,21
02/07/1997,14,18,20,24,26,36,2
29/06/1997,4,10,14,26,31,40,5
25/06/1997,3,11,17,20,26,35,37
22/06/1997,12,14,31,40,43,44,7
18/06/1997,4,7,8,13,31,41,19
15/06/1997,2,7,16,22,23,34,28
11/06/1997,9,16,22,27,30,42,13
08/06/1997,2,6,8,9,14,29,30
04/06/1997,8,24,30,35,37,44,31
01/06/1997,3,5,9,13,23,33,20
28/05/1997,1,8,11,25,27,36,26
25/05/1997,4,19,23,24,32,39,42
21/05/1997,8,9,22,31,39,40,6
18/05/1997,3,11,15,19,28,37,4
14/05/1997,7,20,29,32,33,41,43
11/05/1997,13,17,18,32,35,38,19
07/05/1997,9,10,19,20,28,32,39
04/05/1997,2,16,18,24,39,41,30
30/04/1997,6,13,16,30,31,36,9
27/04/1997,5,12,15,18,37,41,17
23/04/1997,2,17,26,28,39,44,12
20/04/1997,4,5,7,10,28,44,32
16/04/1997,13,15,21,26,33,34,24
13/04/1997,2,4,14,24,30,38,40
09/04/1997,2,5,10,15,23,37,13
06/04/1997,6,14,18,23,31,35,8
02/04/1997,8,13,17,21,28,31,3
30/03/1997,26,29,33,34,39,42,16
26/03/1997,13,19,23,31,38,43,9
23/03/1997,13,19,23,29,30,44,25
19/03/1997,12,18,23,29,33,36,10
16/03/1997,9,20,24,34,37,40,5
12/03/1997,13,14,21,34,38,39,32
09/03/1997,1,8,14,33,42,44,30
05/03/1997,6,18,23,31,40,41,38
02/03/1997,1,5,16,21,25,37,20
26/02/1997,4,10,24,37,38,42,25
23/02/1997,11,12,14,40,41,43,26
19/02/1997,7,8,10,13,15,29,40
16/02/1997,23,29,32,40,41,44,7
12/02/1997,6,19,21,29,37,44,36
09/02/1997,5,15,21,34,40,42,11
05/02/1997,1,5,15,17,41,44,20
02/02/1997,4,12,18,22,23,31,8
29/01/1997,5,21,22,31,32,37,11
26/01/1997,1,12,15,21,27,38,8
26/01/1997,1,3,8,13,14,21,26
19/01/1997,22,24,26,27,37,39,25
15/01/1997,1,9,15,27,34,44,25
12/01/1997,8,12,25,30,32,34,33
08/01/1997,3,15,16,33,35,41,43
05/01/1997,1,2,6,11,24,41,28
01/01/1997,4,6,7,10,18,43,44
29/12/1996,12,22,31,35,36,44,40
25/12/1996,12,15,16,21,37,43,24
22/12/1996,8,9,12,14,17,38,21
18/12/1996,1,9,17,23,24,44,34
15/12/1996,10,11,33,36,41,43,25
11/12/1996,2,11,16,17,35,36,25
08/12/1996,1,5,8,10,13,40,17
04/12/1996,9,10,20,24,35,40,37
01/12/1996,2,3,14,22,29,37,41
27/11/1996,1,3,9,34,39,44,2
24/11/1996,5,11,22,27,43,44,18
20/11/1996,8,13,20,23,30,33,5
17/11/1996,4,5,26,28,33,35,39
13/11/1996,2,12,14,18,34,39,23
10/11/1996,1,5,8,9,22,25,20
06/11/1996,2,4,11,27,29,41,1
03/11/1996,3,4,16,18,25,26,15
30/10/1996,7,10,24,29,35,41,40
27/10/1996,7,11,18,26,33,38,6
23/10/1996,2,7,12,16,28,42,19
20/10/1996,3,4,25,32,34,35,11
16/10/1996,5,16,26,28,31,34,30
13/10/1996,4,9,12,15,28,30,11
09/10/1996,1,4,11,15,40,42,20
06/10/1996,1,10,12,27,33,34,32
02/10/1996,5,20,22,26,40,42,16
29/09/1996,7,9,15,20,24,41,22
25/09/1996,18,24,29,32,35,42,31
22/09/1996,2,7,8,33,35,44,37
18/09/1996,4,5,19,38,39,42,12
15/09/1996,5,7,21,33,36,41,3
11/09/1996,3,7,12,14,27,32,38
08/09/1996,6,17,26,27,33,40,44
04/09/1996,7,18,30,36,37,43,23
01/09/1996,1,2,12,13,15,29,5
28/08/1996,17,18,20,31,34,43,32
25/08/1996,17,28,31,36,37,41,4
21/08/1996,16,30,31,35,36,42,27
18/08/1996,7,18,22,30,31,44,29
14/08/1996,15,17,21,23,25,30,35
11/08/1996,2,5,10,18,37,41,16
07/08/1996,5,9,13,22,29,35,39
04/08/1996,2,10,11,13,16,19,31
31/07/1996,1,10,11,21,34,40,12
28/07/1996,2,6,10,23,39,42,15
24/07/1996,4,7,9,12,14,44,2
21/07/1996,3,7,18,26,34,38,33
17/07/1996,1,2,4,17,26,41,21
14/07/1996,12,20,27,34,36,41,11
10/07/1996,4,25,28,29,30,32,7
07/07/1996,8,21,24,27,28,31,12
03/07/1996,3,9,16,29,35,42,33
30/06/1996,1,4,20,30,31,39,43
26/06/1996,8,18,21,31,34,43,15
23/06/1996,6,11,33,34,38,40,9
19/06/1996,2,4,5,7,23,42,28
16/06/1996,9,27,32,38,40,41,29
12/06/1996,13,14,15,16,17,18,19
09/06/1996,2,3,16,19,20,38,31
05/06/1996,5,9,23,35,37,43,19
02/06/1996,2,5,13,17,23,26,30
29/05/1996,1,6,12,13,27,43,11
26/05/1996,15,23,31,32,36,42,27
22/05/1996,6,13,20,30,36,43,15
19/05/1996,1,3,24,30,38,41,16
15/05/1996,11,14,16,19,24,28,13
12/05/1996,5,13,23,30,33,39,11
08/05/1996,18,24,31,34,43,44,39
05/05/1996,2,10,17,25,36,43,14
01/05/1996,10,16,26,30,35,37,40
28/04/1996,7,12,16,20,30,38,29
24/04/1996,3,9,13,15,36,41,28
21/04/1996,13,15,20,25,34,43,41
17/04/1996,9,15,18,21,32,38,29
14/04/1996,12,20,23,24,33,36,37
10/04/1996,4,6,10,15,22,35,30
07/04/1996,1,3,8,10,23,30,20
03/04/1996,4,5,13,26,28,34,24
31/03/1996,5,7,12,30,37,44,3
27/03/1996,4,8,20,23,31,36,2
24/03/1996,1,12,18,22,30,40,14
20/03/1996,1,3,12,19,24,40,21
17/03/1996,13,24,28,30,32,37,27
13/03/1996,5,14,28,36,37,43,32
10/03/1996,5,6,14,36,37,41,3
06/03/1996,2,11,17,27,30,31,9
03/03/1996,8,11,14,27,40,43,34
28/02/1996,12,15,18,20,40,42,2
25/02/1996,12,13,16,17,35,44,32
21/02/1996,4,5,12,18,32,43,1
18/02/1996,10,18,20,33,34,44,11
14/02/1996,7,8,13,17,28,43,20
11/02/1996,1,7,8,38,39,43,34
07/02/1996,1,22,25,32,33,40,34
04/02/1996,2,11,15,30,34,35,9
31/01/1996,5,12,26,28,31,32,42
28/01/1996,7,8,12,29,36,40,19
24/01/1996,5,21,31,33,38,40,28
21/01/1996,6,8,32,35,41,42,3
17/01/1996,4,5,7,24,27,40,11
14/01/1996,13,14,21,24,28,41,42
10/01/1996,19,24,26,28,33,35,39
07/01/1996,4,11,13,19,25,32,36
03/01/1996,7,19,26,33,36,44,42
31/12/1995,6,7,12,14,18,44,20
27/12/1995,5,6,9,17,36,40,2
24/12/1995,7,19,23,24,25,28,20
20/12/1995,2,10,15,18,31,42,6
17/12/1995,4,10,12,22,32,36,38
13/12/1995,2,9,11,15,20,21,43
10/12/1995,1,2,9,11,15,41,38
06/12/1995,2,8,18,29,30,37,21
03/12/1995,2,9,15,17,31,39,32
29/11/1995,6,7,11,30,31,37,14
26/11/1995,7,13,17,33,37,41,40
22/11/1995,1,2,6,20,37,40,8
19/11/1995,6,10,14,33,36,40,15
15/11/1995,1,3,14,20,35,36,25
12/11/1995,8,16,22,27,29,42,34
08/11/1995,9,15,16,18,35,44,2
05/11/1995,7,8,11,12,26,39,4
01/11/1995,7,17,23,26,32,35,12
29/10/1995,10,11,17,25,36,37,20
25/10/1995,1,2,11,18,36,40,10
22/10/1995,8,11,24,29,35,44,15
18/10/1995,3,6,18,24,29,35,16
15/10/1995,10,14,30,32,33,44,4
11/10/1995,17,24,28,36,42,43,26
08/10/1995,7,8,26,31,34,39,19
04/10/1995,3,10,15,25,34,43,21
01/10/1995,1,3,14,18,24,35,13
27/09/1995,6,13,32,33,40,41,19
24/09/1995,3,9,10,15,40,44,2
20/09/1995,6,15,19,27,29,41,26
17/09/1995,4,8,10,36,38,42,19
13/09/1995,7,13,36,37,40,43,15
10/09/1995,13,16,21,35,36,44,25
06/09/1995,5,12,23,30,34,41,13
03/09/1995,2,4,7,9,10,24,28
30/08/1995,7,20,25,36,37,43,2
27/08/1995,7,16,18,24,36,42,12
23/08/1995,3,11,21,28,31,39,25
20/08/1995,3,5,11,13,35,38,18
16/08/1995,8,17,24,30,37,40,3
13/08/1995,5,7,11,14,18,44,38
09/08/1995,12,23,29,34,36,41,33
06/08/1995,3,16,20,31,35,39,6
02/08/1995,6,13,22,27,39,40,32
30/07/1995,15,16,22,25,32,37,20
26/07/1995,1,20,21,32,40,43,39
23/07/1995,14,20,31,34,38,39,32
19/07/1995,8,24,25,26,35,42,3
16/07/1995,4,7,16,25,27,44,2
12/07/1995,5,20,26,33,34,40,31
09/07/1995,1,2,4,7,19,43,31
05/07/1995,13,17,22,26,36,37,25
02/07/1995,8,10,17,21,37,41,31
28/06/1995,6,19,29,33,37,43,36
25/06/1995,4,19,20,28,33,40,39
21/06/1995,2,7,21,23,32,39,25
18/06/1995,9,13,32,33,39,41,21
14/06/1995,5,7,14,20,29,33,10
11/06/1995,7,16,23,31,36,44,29
07/06/1995,1,12,22,23,41,43,30
04/06/1995,2,6,17,18,29,40,33
31/05/1995,2,5,11,38,42,43,7
28/05/1995,9,10,22,23,33,41,25
24/05/1995,13,15,34,35,37,43,32
21/05/1995,1,10,23,26,42,44,3
17/05/1995,2,9,14,16,25,40,6
14/05/1995,2,15,25,27,32,37,4
10/05/1995,4,8,22,24,41,43,42
07/05/1995,14,16,26,29,36,37,5
03/05/1995,1,2,24,25,27,42,19
30/04/1995,1,2,3,17,28,41,34
26/04/1995,5,12,19,25,30,42,29
23/04/1995,21,26,27,28,31,43,42
19/04/1995,1,3,5,6,10,17,37
16/04/1995,1,8,14,15,16,33,5
12/04/1995,2,5,21,23,35,41,38
09/04/1995,1,5,6,10,13,19,38
05/04/1995,12,14,19,24,34,37,9
02/04/1995,5,15,18,37,38,39,34
29/03/1995,6,7,18,20,28,37,34
26/03/1995,14,20,21,27,36,43,8
22/03/1995,4,14,21,22,40,41,19
19/03/1995,1,5,15,16,26,28,25
15/03/1995,10,15,16,22,35,37,34
12/03/1995,8,9,15,16,20,36,7
08/03/1995,1,7,10,15,25,42,35
05/03/1995,4,8,17,27,29,43,34
01/03/1995,4,8,11,14,33,39,34
26/02/1995,2,12,16,22,23,40,9
22/02/1995,7,8,11,27,38,39,16
19/02/1995,2,21,30,38,40,42,15
15/02/1995,6,28,29,30,32,44,11
12/02/1995,3,9,10,14,16,36,18
08/02/1995,2,12,18,20,28,30,15
05/02/1995,2,5,26,35,37,40,17
01/02/1995,2,14,15,37,41,43,29
29/01/1995,2,6,8,30,32,42,11
25/01/1995,11,12,19,36,37,43,24
22/01/1995,1,11,13,14,20,30,21
18/01/1995,1,4,15,21,31,39,5
15/01/1995,4,8,11,25,32,37,34
11/01/1995,5,17,27,28,29,32,23
08/01/1995,4,18,19,21,22,32,11
04/01/1995,1,2,16,18,30,38,27
01/01/1995,6,11,24,26,28,35,15
28/12/1994,11,16,23,34,41,44,14
25/12/1994,6,16,17,20,24,29,4
21/12/1994,10,12,16,18,43,44,3
18/12/1994,7,12,22,25,33,42,14
14/12/1994,3,7,16,23,37,44,4
11/12/1994,3,5,20,22,35,44,31
07/12/1994,3,4,13,27,30,35,38
04/12/1994,2,10,12,22,29,39,1
30/11/1994,5,24,33,34,39,41,9
27/11/1994,7,8,11,19,24,29,17
23/11/1994,2,3,14,18,19,23,42
20/11/1994,14,15,20,24,26,42,22
16/11/1994,10,21,23,24,39,42,19
13/11/1994,8,10,13,35,39,41,24
09/11/1994,4,5,6,19,35,36,31
06/11/1994,4,5,13,18,19,38,39
02/11/1994,2,3,16,17,29,36,8
30/10/1994,6,12,13,18,25,29,16
26/10/1994,10,14,17,22,33,44,39
23/10/1994,8,12,13,16,26,43,5
19/10/1994,13,25,33,37,40,43,30
16/10/1994,4,5,7,17,22,31,44
12/10/1994,2,11,13,24,29,31,36
09/10/1994,8,27,33,38,39,43,20
05/10/1994,3,7,8,18,22,44,6
02/10/1994,6,14,26,33,38,39,43
28/09/1994,6,14,16,28,29,41,22
25/09/1994,2,10,19,25,33,37,5
21/09/1994,20,27,30,34,38,40,32
18/09/1994,13,20,28,29,38,44,32
14/09/1994,1,19,21,28,39,40,16
11/09/1994,7,17,18,24,32,42,14
07/09/1994,17,24,25,28,37,44,29
04/09/1994,8,12,13,22,24,35,33
31/08/1994,7,13,21,23,32,35,20
28/08/1994,1,2,25,32,38,39,3
24/08/1994,9,11,25,26,34,39,31
21/08/1994,3,4,12,14,31,41,36
17/08/1994,2,4,6,11,30,42,5
14/08/1994,2,20,24,27,37,40,6
10/08/1994,9,13,19,24,25,28,44
07/08/1994,16,25,29,30,32,34,7
03/08/1994,8,9,11,32,37,38,1
31/07/1994,4,5,10,17,18,42,25
27/07/1994,9,10,11,12,16,37,22
24/07/1994,8,14,24,34,38,43,27
20/07/1994,7,15,20,29,31,35,11
17/07/1994,1,3,20,30,31,43,28
13/07/1994,2,6,23,29,40,41,1
10/07/1994,14,15,20,26,27,39,6
06/07/1994,3,16,17,22,28,42,13
03/07/1994,16,26,27,33,38,44,37
29/06/1994,15,20,27,32,38,42,30
26/06/1994,7,9,14,16,27,42,10
22/06/1994,6,14,17,22,25,38,23
19/06/1994,9,18,20,33,34,37,19
15/06/1994,5,15,20,28,29,44,40
12/06/1994,3,6,13,24,29,42,21
08/06/1994,3,8,15,22,24,26,34
05/06/1994,2,4,6,9,23,33,12
01/06/1994,1,14,25,31,38,42,15
29/05/1994,3,6,8,11,31,38,4
25/05/1994,6,21,25,35,38,41,32
22/05/1994,9,11,12,21,25,30,40
18/05/1994,3,6,8,18,19,43,32
15/05/1994,5,17,21,39,42,44,16
11/05/1994,1,4,14,20,30,38,11
08/05/1994,1,3,8,26,37,43,23
04/05/1994,6,8,29,31,35,36,33
01/05/1994,1,14,17,30,31,41,4
27/04/1994,4,8,31,36,37,41,19
24/04/1994,1,6,13,29,30,43,25
20/04/1994,2,10,11,12,31,37,40
17/04/1994,6,11,23,32,34,42,33
13/04/1994,4,5,20,21,33,40,31
10/04/1994,5,11,17,26,34,36,3
06/04/1994,6,14,19,24,30,31,5
03/04/1994,4,12,15,36,42,44,7
30/03/1994,13,25,30,35,42,43,16
27/03/1994,3,8,10,12,13,16,41
23/03/1994,7,11,14,17,25,43,26
20/03/1994,1,7,16,31,36,42,5
16/03/1994,2,6,12,22,33,36,9
13/03/1994,5,12,22,32,39,42,18
09/03/1994,6,9,16,23,33,35,37
06/03/1994,9,15,20,22,23,36,35
02/03/1994,3,6,22,26,31,36,2
27/02/1994,20,28,30,40,41,43,25
23/02/1994,5,8,22,31,33,44,11
20/02/1994,14,15,30,35,41,42,7
16/02/1994,7,20,24,34,37,44,33
13/02/1994,16,17,22,27,37,41,34
09/02/1994,23,25,29,36,43,44,42
06/02/1994,16,21,35,36,39,40,44
02/02/1994,7,8,11,27,34,44,10
30/01/1994,12,13,14,22,32,38,37
26/01/1994,16,23,27,28,32,40,33
23/01/1994,3,5,18,25,34,42,35
19/01/1994,2,11,17,20,35,43,25
16/01/1994,1,19,26,33,35,38,8
12/01/1994,12,24,28,36,38,42,23
09/01/1994,3,11,16,23,34,43,35
05/01/1994,25,29,36,37,39,41,32
02/01/1994,7,13,18,21,36,40,12
29/12/1993,1,5,6,9,23,24,15
26/12/1993,2,8,9,11,12,28,32
22/12/1993,2,14,15,20,36,37,13
19/12/1993,4,12,13,26,33,40,37
15/12/1993,1,4,7,24,25,38,12
12/12/1993,5,12,22,24,30,38,31
08/12/1993,5,15,17,36,38,44,35
05/12/1993,6,10,12,15,23,36,44
01/12/1993,1,5,7,10,16,41,20
28/11/1993,18,19,20,31,37,41,2
24/11/1993,17,25,31,33,35,38,42
21/11/1993,10,20,25,39,41,42,6
17/11/1993,7,12,18,27,32,38,23
14/11/1993,3,21,39,40,41,44,32
10/11/1993,11,15,25,26,32,43,39
07/11/1993,18,27,32,35,38,39,12
03/11/1993,11,13,24,32,34,38,37
31/10/1993,5,16,20,21,25,43,36
27/10/1993,7,22,29,34,37,42,44
24/10/1993,11,15,26,28,34,43,24
20/10/1993,15,19,20,28,29,31,9
17/10/1993,4,8,20,24,27,41,26
13/10/1993,7,13,22,23,27,43,17
10/10/1993,2,5,11,17,31,43,28
06/10/1993,3,6,10,26,29,40,27
03/10/1993,7,9,11,20,28,31,1
29/09/1993,5,13,16,20,28,38,40
26/09/1993,6,9,19,28,32,33,11
22/09/1993,15,16,17,19,35,37,29
19/09/1993,6,10,16,24,26,44,21
15/09/1993,3,4,6,8,25,43,28
12/09/1993,1,17,19,20,27,29,4
08/09/1993,1,22,34,36,38,41,20
05/09/1993,4,15,19,29,42,44,27
01/09/1993,8,13,17,23,30,37,16
29/08/1993,3,17,24,27,32,43,44
25/08/1993,4,9,18,20,31,38,29
22/08/1993,1,10,17,23,31,33,13
18/08/1993,9,23,25,30,37,43,40
15/08/1993,9,24,30,31,38,39,17
11/08/1993,5,15,31,32,38,42,27
08/08/1993,20,26,29,38,43,44,17
04/08/1993,4,15,26,35,36,38,25
01/08/1993,7,12,21,30,31,40,24
28/07/1993,15,20,28,32,33,39,16
25/07/1993,6,12,14,16,30,42,5
21/07/1993,1,5,9,23,24,36,21
18/07/1993,3,9,11,26,38,44,4
14/07/1993,7,13,17,36,37,40,6
11/07/1993,1,9,24,28,39,40,21
07/07/1993,3,8,9,17,31,39,41
04/07/1993,8,23,35,37,38,39,31
30/06/1993,4,10,12,30,33,39,9
27/06/1993,9,22,26,34,40,41,21
23/06/1993,1,6,22,25,28,35,10
20/06/1993,20,25,29,31,32,37,43
16/06/1993,5,31,36,38,43,44,3
13/06/1993,2,3,18,26,29,33,4
09/06/1993,8,16,18,20,23,30,17
06/06/1993,1,6,16,20,23,27,34
02/06/1993,5,15,16,17,36,38,1
30/05/1993,1,15,25,29,30,38,42
26/05/1993,17,18,25,30,31,40,28
23/05/1993,2,7,23,36,37,38,11
19/05/1993,3,11,15,20,22,27,29
16/05/1993,5,23,26,27,37,39,11
12/05/1993,1,10,28,33,41,44,31
09/05/1993,6,11,13,16,26,43,21
05/05/1993,6,12,16,26,33,35,9
02/05/1993,3,9,24,30,35,38,33
28/04/1993,10,26,30,35,41,44,29
25/04/1993,4,5,10,14,19,21,12
21/04/1993,7,14,20,25,33,38,9
18/04/1993,1,5,20,25,28,42,22
14/04/1993,2,6,8,9,34,36,39
11/04/1993,5,17,28,32,37,42,38
07/04/1993,14,15,27,31,35,42,13
04/04/1993,2,9,22,27,33,35,11
31/03/1993,1,5,8,10,35,39,6
28/03/1993,5,6,20,25,35,39,38
24/03/1993,9,13,14,19,20,29,6
21/03/1993,4,5,19,23,31,36,9
17/03/1993,4,15,22,24,34,38,2
14/03/1993,3,10,13,14,30,37,27
10/03/1993,4,13,17,28,38,39,15
07/03/1993,2,15,20,21,24,25,34
03/03/1993,1,2,4,10,34,38,26
28/02/1993,6,8,18,20,36,37,31
24/02/1993,3,5,7,11,12,33,10
21/02/1993,15,18,20,23,24,36,9
17/02/1993,4,9,13,14,21,23,36
14/02/1993,2,8,9,14,25,26,18
10/02/1993,4,5,13,18,22,30,38
07/02/1993,3,11,14,26,28,32,25
03/02/1993,10,16,17,24,32,33,20
31/01/1993,2,6,9,17,22,31,29
27/01/1993,2,5,13,27,32,34,29
24/01/1993,15,16,22,26,33,39,34
21/01/1993,4,5,14,15,17,19,34
17/01/1993,6,8,10,12,17,21,36
13/01/1993,16,18,23,33,36,39,7
10/01/1993,9,13,14,27,34,36,35
06/01/1993,1,2,8,25,27,37,36
03/01/1993,13,14,22,29,31,34,30
30/12/1992,5,8,12,16,19,22,10
27/12/1992,1,24,28,33,35,36,37
23/12/1992,12,15,27,34,35,39,31
20/12/1992,4,7,18,25,32,34,27
16/12/1992,8,20,27,28,35,39,9
13/12/1992,2,13,14,23,29,35,15
09/12/1992,12,21,24,28,37,38,2
06/12/1992,12,17,18,25,26,36,15
02/12/1992,6,8,17,26,34,35,9
29/11/1992,3,6,7,26,27,35,4
25/11/1992,9,14,17,23,30,36,4
22/11/1992,4,10,13,27,36,37,30
18/11/1992,9,13,14,22,25,26,29
15/11/1992,7,9,23,24,30,32,26
11/11/1992,20,26,30,31,36,39,6
08/11/1992,8,13,18,22,28,36,26
04/11/1992,2,15,28,31,32,33,22
01/11/1992,1,10,12,23,33,34,38
28/10/1992,6,20,30,32,34,38,2
25/10/1992,1,4,11,18,32,39,13
21/10/1992,8,19,24,29,33,38,30
18/10/1992,2,8,17,19,29,32,34
14/10/1992,3,4,7,8,14,22,20
11/10/1992,6,10,23,24,35,36,11
07/10/1992,4,5,10,19,25,31,13
04/10/1992,8,21,26,28,33,35,18
30/09/1992,8,17,21,23,27,29,11
27/09/1992,17,20,21,24,31,39,10
23/09/1992,6,9,10,20,33,35,7
20/09/1992,1,17,24,29,37,38,31
16/09/1992,7,12,14,16,22,35,11
13/09/1992,2,5,9,18,26,31,29
09/09/1992,1,8,18,25,29,30,37
06/09/1992,8,19,22,33,36,38,21
02/09/1992,2,7,12,21,24,26,29
30/08/1992,2,5,7,8,17,26,23
26/08/1992,7,11,20,26,29,34,19
23/08/1992,1,5,13,15,18,30,3
19/08/1992,7,10,13,14,17,29,28
16/08/1992,2,4,7,15,30,36,34
12/08/1992,5,7,12,13,19,21,2
09/08/1992,3,9,28,30,32,37,13
05/08/1992,11,14,15,19,21,27,10
02/08/1992,2,15,16,33,35,38,19
29/07/1992,2,13,18,30,33,38,31
26/07/1992,1,15,18,29,33,34,31
22/07/1992,4,12,13,18,24,35,27
19/07/1992,9,11,12,28,32,35,13
15/07/1992,1,3,16,24,34,38,27
12/07/1992,1,14,17,20,30,33,39
08/07/1992,2,8,21,28,32,38,17
05/07/1992,7,10,14,18,21,27,31
01/07/1992,7,8,19,20,24,32,16
28/06/1992,4,6,7,9,13,39,37
24/06/1992,9,15,21,28,32,38,27
21/06/1992,1,4,14,18,20,26,21
17/06/1992,5,8,16,17,24,25,39
14/06/1992,2,9,11,27,30,32,31
10/06/1992,4,7,14,20,27,34,31
07/06/1992,2,6,8,9,10,14,32
03/06/1992,4,13,20,21,24,29,36
31/05/1992,1,2,13,19,29,38,6
27/05/1992,1,4,12,14,24,29,26
24/05/1992,1,10,19,25,32,33,26
20/05/1992,16,18,20,29,30,35,1
17/05/1992,3,6,30,36,37,38,11
13/05/1992,5,22,27,31,33,39,11
10/05/1992,3,8,14,19,32,35,22
06/05/1992,1,4,25,27,37,39,11
03/05/1992,7,13,21,29,30,34,11
29/04/1992,1,6,27,28,31,32,18
26/04/1992,2,6,13,14,32,33,11
22/04/1992,1,6,10,13,28,30,24
19/04/1992,1,6,7,23,25,35,37
15/04/1992,6,8,9,11,25,29,3
12/04/1992,1,8,10,22,29,36,38
08/04/1992,13,15,16,22,37,38,1
05/04/1992,13,16,27,36,37,39,31
01/04/1992,1,8,10,14,15,34,39
29/03/1992,3,8,12,24,27,32,11
25/03/1992,6,17,29,32,33,38,21
22/03/1992,3,15,17,18,20,36,11
18/03/1992,4,20,22,28,31,37,32
15/03/1992,3,11,16,18,20,23,22
11/03/1992,8,18,19,22,35,38,3
08/03/1992,1,9,11,18,32,37,25
04/03/1992,3,16,18,25,26,32,33
01/03/1992,1,14,17,23,26,35,39
26/02/1992,9,12,15,17,29,38,39
23/02/1992,1,4,9,23,25,30,21
19/02/1992,3,6,21,28,30,36,7
16/02/1992,2,6,11,19,31,35,5
12/02/1992,17,20,21,22,23,29,34
09/02/1992,3,9,11,21,22,35,30
05/02/1992,2,3,11,16,25,34,20
02/02/1992,1,17,18,21,23,36,38
29/01/1992,2,3,9,23,25,26,8
26/01/1992,2,19,21,27,28,29,22
22/01/1992,1,2,3,4,30,37,39
19/01/1992,1,5,11,19,26,33,14
15/01/1992,7,14,15,17,29,33,25
12/01/1992,10,22,27,33,34,36,21
08/01/1992,15,19,24,30,33,34,18
05/01/1992,10,11,13,16,30,38,14
01/01/1992,11,13,17,26,36,39,2
29/12/1991,10,11,12,13,31,39,9
25/12/1991,1,3,5,24,30,34,7
22/12/1991,4,16,17,20,30,37,5
18/12/1991,2,6,21,26,28,32,25
15/12/1991,3,8,32,33,35,37,17
11/12/1991,5,12,14,19,37,39,10
08/12/1991,7,11,14,18,36,39,33
04/12/1991,8,9,14,20,24,39,26
01/12/1991,7,9,14,15,22,23,27
27/11/1991,12,13,16,19,24,28,20
24/11/1991,4,7,12,16,28,37,19
20/11/1991,5,10,13,17,19,36,26
17/11/1991,17,19,24,27,28,38,37
13/11/1991,10,12,17,19,31,34,4
10/11/1991,8,10,14,18,19,38,22
06/11/1991,3,9,12,19,26,38,13
03/11/1991,6,7,14,27,30,36,11
30/10/1991,1,6,15,23,27,29,32
27/10/1991,1,8,12,27,32,38,30
23/10/1991,9,13,16,24,26,27,17
20/10/1991,2,3,19,22,34,39,30
16/10/1991,4,22,25,30,32,33,12
13/10/1991,9,13,25,34,37,39,12
09/10/1991,4,8,20,25,27,38,13
06/10/1991,4,11,16,22,33,34,24
02/10/1991,8,9,13,15,20,24,36
29/09/1991,8,12,18,26,36,37,17
25/09/1991,8,23,27,32,35,38,24
22/09/1991,2,6,8,27,33,37,21
18/09/1991,2,7,19,25,28,32,38
15/09/1991,6,9,13,14,32,37,26
11/09/1991,5,9,12,19,22,35,32
08/09/1991,1,22,31,34,36,37,8
04/09/1991,5,9,12,23,27,35,33
01/09/1991,4,12,16,17,28,32,9
28/08/1991,7,14,18,23,32,39,37
25/08/1991,6,11,16,24,35,37,36
21/08/1991,1,14,15,20,23,24,29
18/08/1991,7,8,20,24,32,39,11
14/08/1991,5,6,7,13,14,31,37
11/08/1991,1,3,7,15,23,33,13
07/08/1991,1,11,20,28,33,34,7
04/08/1991,12,23,24,30,37,38,18
31/07/1991,13,14,26,27,36,39,29
28/07/1991,5,13,24,27,32,37,9
24/07/1991,3,10,12,15,20,21,36
21/07/1991,1,2,11,12,20,39,7
17/07/1991,5,9,16,17,27,35,7
14/07/1991,6,9,13,14,19,30,7
10/07/1991,18,22,28,31,35,36,33
07/07/1991,2,3,15,18,19,22,6
03/07/1991,3,10,12,13,14,16,23
30/06/1991,6,12,18,19,27,28,36
26/06/1991,6,11,13,17,21,35,29
23/06/1991,7,17,26,27,31,32,4
19/06/1991,2,15,17,20,22,30,1
16/06/1991,3,11,13,20,28,33,24
12/06/1991,1,5,17,23,36,37,28
09/06/1991,3,9,12,21,22,30,16
05/06/1991,21,22,34,37,38,39,11
02/06/1991,2,10,11,15,20,38,18
29/05/1991,16,18,20,23,36,38,1
26/05/1991,7,11,14,23,30,33,37
22/05/1991,10,23,28,33,36,39,18
19/05/1991,1,2,15,25,31,33,4
15/05/1991,6,11,23,30,34,37,17
12/05/1991,11,13,14,15,30,36,16
08/05/1991,1,4,5,16,25,30,21
05/05/1991,7,11,16,24,28,33,32
01/05/1991,3,6,8,14,21,31,15
28/04/1991,4,6,7,10,14,29,27
24/04/1991,5,11,13,23,29,33,39
21/04/1991,1,17,20,21,32,39,31
17/04/1991,1,11,22,23,34,36,13
14/04/1991,7,14,15,24,25,29,37
10/04/1991,7,12,16,17,20,32,14
07/04/1991,5,9,20,29,35,38,15
03/04/1991,9,13,24,26,32,37,6
31/03/1991,15,18,25,27,29,36,14
24/03/1991,3,8,13,24,28,33,17
17/03/1991,4,5,9,13,19,22,32
10/03/1991,1,2,13,22,27,39,24
03/03/1991,1,7,15,22,27,38,17
24/02/1991,4,7,15,33,35,37,26
17/02/1991,1,7,18,27,34,37,14
10/02/1991,3,21,27,30,35,37,15
03/02/1991,5,12,15,16,31,32,1
27/01/1991,7,17,29,32,33,37,34
20/01/1991,4,8,25,34,35,39,19
13/01/1991,1,5,6,29,36,39,13
06/01/1991,6,17,22,27,28,33,29
30/12/1990,8,16,20,27,31,33,10
23/12/1990,4,5,6,18,34,36,32
16/12/1990,1,6,10,11,36,38,28
09/12/1990,3,5,6,9,12,39,30
02/12/1990,4,6,25,30,31,38,33
25/11/1990,6,12,16,20,32,34,28
18/11/1990,1,21,23,36,37,38,12
11/11/1990,15,17,28,29,30,39,8
04/11/1990,6,11,16,19,36,39,8
28/10/1990,8,9,11,21,32,37,38
21/10/1990,5,18,20,28,34,39,11
14/10/1990,4,11,19,21,29,31,25
07/10/1990,11,13,19,25,28,38,7
30/09/1990,1,3,12,15,20,26,25
23/09/1990,5,11,22,24,33,38,2
16/09/1990,12,16,24,29,34,36,1
09/09/1990,4,8,12,26,28,37,5
02/09/1990,5,14,15,20,29,37,35
26/08/1990,2,10,11,28,29,37,33
19/08/1990,3,6,17,22,27,32,16
12/08/1990,1,7,9,14,23,31,2
05/08/1990,9,12,15,26,34,37,17
29/07/1990,5,14,27,34,36,38,4
22/07/1990,9,16,21,28,30,39,25
15/07/1990,1,21,24,35,38,39,26
08/07/1990,9,19,24,25,26,34,28
01/07/1990,9,11,14,19,30,35,38
24/06/1990,4,15,16,20,29,37,13
17/06/1990,7,8,10,14,26,31,12
10/06/1990,2,20,22,23,27,37,39
03/06/1990,2,19,20,26,34,38,37
27/05/1990,16,17,24,27,37,38,1
20/05/1990,3,10,12,15,17,24,9
13/05/1990,7,10,11,24,27,30,22
06/05/1990,2,3,16,22,27,29,14
29/04/1990,2,3,5,8,33,36,15
22/04/1990,8,22,23,25,35,37,29
15/04/1990,1,11,18,24,35,37,19
08/04/1990,2,7,11,19,27,39,28
01/04/1990,7,9,10,17,22,23,33
25/03/1990,11,13,14,24,31,33,20
18/03/1990,9,18,21,26,29,32,16
11/03/1990,4,12,23,28,36,37,21
04/03/1990,3,7,19,20,22,27,10
25/02/1990,7,18,21,28,36,39,6
18/02/1990,2,5,13,22,28,38,20
11/02/1990,2,3,17,20,26,37,12
04/02/1990,12,14,23,27,30,36,18
28/01/1990,11,13,17,22,35,38,5
21/01/1990,15,16,26,30,33,34,10
14/01/1990,7,9,13,14,21,35,25
07/01/1990,1,5,15,16,33,36,18
31/12/1989,2,7,12,14,23,35,22
24/12/1989,15,16,17,23,27,31,37
17/12/1989,1,2,4,29,34,35,30
10/12/1989,14,19,23,25,32,35,39
03/12/1989,2,10,14,16,17,32,1
26/11/1989,1,5,7,21,35,38,23
19/11/1989,5,6,15,17,24,31,3
12/11/1989,15,17,23,24,26,37,18
05/11/1989,7,9,13,22,27,35,14
29/10/1989,5,14,16,22,31,33,39
22/10/1989,1,18,21,22,32,33,16
15/10/1989,10,14,18,21,27,36,6
08/10/1989,2,7,8,14,26,31,11
01/10/1989,9,10,11,13,20,24,8
24/09/1989,2,12,20,24,28,33,29
17/09/1989,2,17,18,19,28,29,12
10/09/1989,2,10,22,28,29,37,12
03/09/1989,4,18,19,23,25,27,20
27/08/1989,5,6,10,22,30,32,14
20/08/1989,8,11,17,27,30,38,4
13/08/1989,2,11,12,16,18,32,35
06/08/1989,8,13,16,21,22,32,15
30/07/1989,7,21,30,32,33,36,23
23/07/1989,11,15,17,21,28,29,12
16/07/1989,2,3,4,17,31,33,1
09/07/1989,14,15,18,23,34,38,10
02/07/1989,14,21,28,30,32,36,13
25/06/1989,3,4,13,15,16,35,28
18/06/1989,3,9,11,16,30,39,23
11/06/1989,5,8,11,29,34,35,3
04/06/1989,10,11,19,29,32,33,4
28/05/1989,4,13,15,20,32,35,30
21/05/1989,4,6,16,33,36,39,13
14/05/1989,1,21,31,33,34,39,27
07/05/1989,8,13,15,18,23,39,27
30/04/1989,4,11,13,15,16,35,37
23/04/1989,1,11,14,19,28,34,8
16/04/1989,6,8,15,16,31,36,17
09/04/1989,2,6,14,15,21,30,34
02/04/1989,12,25,31,36,37,39,1
26/03/1989,11,18,25,31,34,38,6
19/03/1989,6,10,12,13,15,26,3
12/03/1989,7,12,13,21,23,27,32
05/03/1989,8,11,21,29,31,33,22
26/02/1989,8,19,20,22,23,32,39
19/02/1989,3,9,15,33,38,39,11
12/02/1989,15,17,26,34,36,37,13
05/02/1989,3,5,22,27,29,38,19
29/01/1989,12,16,17,20,21,39,3
22/01/1989,5,11,12,27,37,38,30
15/01/1989,11,21,28,29,35,37,14
08/01/1989,3,13,18,24,28,33,39
01/01/1989,2,3,11,23,25,37,16
25/12/1988,2,8,20,23,32,35,9
18/12/1988,12,15,21,23,35,39,36
11/12/1988,2,4,10,16,17,26,15
04/12/1988,2,12,14,24,29,33,32
27/11/1988,2,19,21,27,30,37,18
20/11/1988,4,25,33,34,35,37,13
13/11/1988,1,7,10,13,32,36,37
06/11/1988,1,5,29,32,36,38,14
30/10/1988,2,19,22,26,28,29,11
23/10/1988,1,5,10,14,26,35,38
16/10/1988,3,6,14,20,21,27,33
09/10/1988,9,13,15,17,29,30,26
02/10/1988,2,13,24,32,35,36,27
25/09/1988,3,6,19,23,28,29,24
18/09/1988,14,23,24,26,36,38,1
11/09/1988,10,12,18,19,32,35,31
04/09/1988,4,10,21,29,30,37,7
28/08/1988,11,18,20,28,36,37,29
21/08/1988,9,14,23,29,31,33,24
14/08/1988,10,12,16,30,33,37,15
07/08/1988,2,9,19,24,30,33,22
31/07/1988,6,11,12,19,32,33,8
24/07/1988,8,13,14,17,20,23,19
17/07/1988,4,11,18,20,26,32,13
10/07/1988,5,9,13,23,24,33,4
03/07/1988,2,15,17,22,24,30,31
26/06/1988,12,18,19,20,25,31,8
19/06/1988,6,17,24,30,32,39,34
12/06/1988,3,5,6,17,28,33,13
05/06/1988,8,18,28,30,36,39,32
29/05/1988,12,14,16,18,25,35,5
22/05/1988,6,8,13,24,27,37,36
15/05/1988,1,8,9,20,22,34,24
08/05/1988,4,14,18,21,35,36,12
01/05/1988,5,14,15,19,20,21,22
24/04/1988,1,18,22,23,34,36,31
17/04/1988,8,14,18,24,27,39,31
10/04/1988,18,21,23,26,27,31,7
03/04/1988,3,7,11,18,23,34,30
27/03/1988,6,8,12,25,27,32,26
20/03/1988,6,24,31,37,38,39,22
13/03/1988,5,9,10,21,26,35,30
06/03/1988,4,6,14,20,25,39,33
28/02/1988,2,15,17,28,36,37,39
21/02/1988,6,12,14,24,33,35,20
14/02/1988,6,16,22,27,37,38,24
07/02/1988,6,11,12,16,21,34,15
31/01/1988,7,15,22,29,30,37,3
24/01/1988,12,17,21,23,24,38,10
17/01/1988,10,13,14,20,22,35,27
10/01/1988,3,4,7,8,16,33,2
03/01/1988,3,13,20,34,35,38,33
27/12/1987,3,6,12,15,17,24,31
20/12/1987,5,8,30,34,37,38,20
13/12/1987,6,22,23,30,31,34,10
06/12/1987,10,16,25,29,35,36,9
29/11/1987,12,21,26,29,35,36,31
22/11/1987,8,9,18,19,20,31,10
15/11/1987,6,16,17,28,30,36,29
08/11/1987,12,20,26,32,37,38,10
01/11/1987,7,15,22,32,33,36,20
25/10/1987,1,8,12,27,34,37,35
18/10/1987,8,11,16,27,37,38,5
11/10/1987,11,12,15,19,32,33,29
04/10/1987,3,11,12,16,24,28,20
27/09/1987,11,16,19,23,25,37,22
20/09/1987,10,16,18,21,29,38,28
13/09/1987,16,23,25,27,30,35,14
06/09/1987,17,18,21,27,30,35,28
30/08/1987,8,11,12,15,31,38,10
23/08/1987,1,6,18,28,30,34,26
16/08/1987,6,16,22,27,30,35,36
09/08/1987,4,12,15,17,20,28,39
02/08/1987,1,23,30,34,37,38,9
26/07/1987,5,9,15,21,32,36,13
19/07/1987,2,7,9,13,15,19,24
12/07/1987,7,11,15,18,19,20,8
05/07/1987,10,18,22,27,29,38,5
28/06/1987,3,5,12,19,36,37,39
21/06/1987,3,7,20,30,34,38,33
14/06/1987,1,3,15,17,18,25,35
07/06/1987,15,20,26,36,37,39,23
31/05/1987,9,15,22,23,24,35,8
24/05/1987,5,9,19,23,29,37,16
17/05/1987,11,20,24,30,33,36,18
10/05/1987,8,16,17,29,30,32,12
03/05/1987,2,4,5,6,11,33,9
26/04/1987,1,5,16,18,20,22,12
19/04/1987,5,13,18,22,24,33,27
12/04/1987,11,20,25,26,29,33,38
05/04/1987,2,3,11,12,15,23,32
29/03/1987,5,7,8,22,29,33,14
22/03/1987,7,11,18,22,26,28,12
15/03/1987,3,13,16,20,21,28,19
08/03/1987,20,23,25,31,37,39,32
01/03/1987,17,18,23,28,31,34,32
22/02/1987,5,15,17,30,31,36,4
15/02/1987,2,13,14,21,23,26,9
08/02/1987,1,6,16,29,37,39,5
01/02/1987,7,16,24,25,37,38,10
25/01/1987,7,9,18,20,28,36,32
18/01/1987,3,15,25,28,31,38,37
11/01/1987,1,6,19,20,24,37,2
04/01/1987,2,10,22,33,38,39,19
28/12/1986,2,5,11,18,26,36,22
21/12/1986,1,13,15,21,35,36,8
14/12/1986,13,14,25,27,32,33,17
07/12/1986,2,13,17,28,32,37,9
30/11/1986,4,7,24,25,27,38,30
23/11/1986,1,5,9,22,26,32,18
16/11/1986,2,13,18,19,31,37,36
09/11/1986,7,10,14,16,20,28,32
02/11/1986,1,2,3,5,15,24,4
26/10/1986,5,6,8,9,15,27,34
19/10/1986,3,8,12,25,27,39,32
12/10/1986,15,18,21,25,27,32,26
05/10/1986,13,15,19,20,22,28,5
28/09/1986,1,5,8,35,37,39,12
21/09/1986,3,19,21,28,31,39,38
14/09/1986,5,13,15,22,28,34,1
07/09/1986,7,12,33,34,37,39,6
31/08/1986,4,10,12,20,30,34,23
24/08/1986,7,17,21,28,31,37,30
17/08/1986,1,11,17,28,34,37,39
10/08/1986,10,12,20,21,31,38,19
03/08/1986,3,7,13,23,24,30,1
27/07/1986,10,13,15,18,25,26,35
20/07/1986,9,12,13,21,28,39,2
13/07/1986,2,6,12,19,33,35,5
06/07/1986,1,4,7,10,34,37,6
29/06/1986,4,7,25,28,33,35,26
22/06/1986,1,17,27,33,34,38,19
15/06/1986,2,8,10,27,34,36,1
08/06/1986,1,22,23,26,27,28,33
01/06/1986,7,23,24,27,35,37,39
25/05/1986,2,7,16,18,22,26,9
18/05/1986,6,19,25,27,28,33,8
11/05/1986,13,25,27,28,33,36,19
04/05/1986,9,12,33,35,38,39,19
27/04/1986,5,22,24,29,31,37,18
20/04/1986,5,13,16,17,20,34,29
13/04/1986,7,16,19,22,29,33,6
06/04/1986,2,11,13,22,24,38,20
30/03/1986,4,18,19,20,22,36,35
23/03/1986,14,19,21,24,28,30,32
16/03/1986,2,14,19,23,28,35,9
09/03/1986,8,10,11,16,18,34,36
02/03/1986,2,9,12,17,25,32,3
23/02/1986,7,16,23,29,31,38,26
16/02/1986,5,6,8,9,11,29,18
09/02/1986,1,12,15,21,24,37,13
02/02/1986,3,12,15,16,18,38,9
26/01/1986,14,15,20,21,22,37,30
19/01/1986,11,15,32,34,38,39,22
12/01/1986,2,4,30,31,37,39,17
05/01/1986,4,9,10,27,37,39,2
29/12/1985,2,5,7,8,21,30,39
22/12/1985,5,12,16,24,31,34,7
15/12/1985,2,3,6,21,33,36,12
08/12/1985,4,16,17,20,26,33,23
01/12/1985,12,21,23,35,37,39,33
24/11/1985,9,11,12,29,30,36,28
17/11/1985,6,8,11,15,33,36,4
10/11/1985,2,4,19,22,33,35,8
03/11/1985,7,13,18,19,21,29,34
27/10/1985,7,8,9,14,21,36,38
20/10/1985,4,7,19,22,29,31,13
13/10/1985,3,19,20,24,25,38,30
06/10/1985,5,21,24,26,30,36,38
29/09/1985,6,7,13,32,37,38,28
22/09/1985,4,10,22,28,30,37,1
15/09/1985,7,14,17,22,24,26,30
08/09/1985,3,6,11,21,34,37,9
01/09/1985,1,19,27,28,34,39,20
25/08/1985,15,20,21,27,30,36,33
18/08/1985,7,8,9,16,17,21,3
11/08/1985,6,10,11,22,27,28,37
04/08/1985,3,21,24,29,31,34,26
28/07/1985,6,21,22,28,30,35,32
21/07/1985,20,22,26,28,30,32,12
14/07/1985,1,16,19,32,36,38,22
07/07/1985,11,16,25,26,29,35,8
30/06/1985,2,9,23,29,34,37,31
23/06/1985,2,11,15,18,30,34,23
16/06/1985,9,10,16,21,26,29,15
09/06/1985,26,27,29,30,36,39,19
02/06/1985,10,22,29,31,38,39,36
26/05/1985,3,9,20,21,23,28,31
19/05/1985,2,5,6,9,11,15,1
12/05/1985,2,10,31,34,35,39,20
05/05/1985,5,12,21,27,29,33,16
28/04/1985,2,12,14,27,28,36,34
21/04/1985,3,8,11,27,29,38,14
14/04/1985,1,7,12,19,20,28,10
07/04/1985,1,8,10,17,21,38,9
31/03/1985,6,11,14,16,27,29,28
24/03/1985,6,17,22,27,37,39,26
17/03/1985,14,18,23,28,31,35,38
10/03/1985,12,14,20,22,25,26,33
03/03/1985,1,5,8,18,33,35,19
24/02/1985,6,8,11,13,24,30,5
17/02/1985,12,13,23,27,30,35,1
10/02/1985,9,21,25,26,29,32,5
03/02/1985,3,7,19,20,26,29,21
27/01/1985,3,10,16,22,28,29,27
20/01/1985,3,18,22,24,26,33,2
13/01/1985,2,5,8,14,35,38,24
06/01/1985,4,12,13,17,34,36,21
30/12/1984,4,21,27,31,33,39,14
23/12/1984,3,18,22,26,31,36,14
16/12/1984,1,3,4,26,28,36,6
09/12/1984,10,19,20,25,30,32,7
02/12/1984,2,11,13,22,30,36,24
25/11/1984,6,9,15,23,32,37,7
18/11/1984,4,8,25,32,36,38,27
11/11/1984,6,9,23,24,28,36,26
04/11/1984,3,14,24,32,36,39,28
28/10/1984,3,5,14,15,26,34,28
21/10/1984,2,3,24,25,29,34,7
14/10/1984,4,6,10,15,32,36,33
07/10/1984,4,12,17,19,20,30,25
30/09/1984,12,14,21,29,32,39,26
23/09/1984,12,23,29,31,32,36,1
16/09/1984,4,10,13,18,33,39,11
09/09/1984,8,12,15,18,20,34,37
02/09/1984,16,18,19,21,29,32,27
26/08/1984,5,6,24,30,34,38,32
19/08/1984,1,4,7,11,19,30,36
